model,eq_oracle,cop,tests,states,equivalent,learning_queries,learning_steps,eq_queries,eq_steps
./TLS/mbedtls/1.2.7/TLS12/learnedModel.dot,randomWp,42,500000,6,True,194,795,1827,13859
./TLS/mbedtls/1.1.8/TLS11/learnedModel.dot,randomWp,20,500000,6,True,205,805,1468,11444
./TLS/mbedtls/2.7.8/TLS12/learnedModel.dot,randomWp,72,500000,6,True,119,450,761,5684
./TLS/mbedtls/3.0.0p1/TLS12/learnedModel.dot,randomWp,99,500000,8,True,187,719,975,7943
./TLS/mbedtls/2.1.5/TLS12/learnedModel.dot,randomWp,81,500000,6,True,189,765,2399,18410
./TLS/mbedtls/1.3.3/TLS12/learnedModel.dot,randomWp,18,500000,6,True,197,811,1969,15034
./TLS/openssl/0.9.8a/TLS10/learnedModel.dot,randomWp,33,500000,14,True,211,1019,279209,2717289
./TLS/openssl/1.0.2m/TLS12/learnedModel.dot,randomWp,27,500000,8,True,129,619,5419,47178
./TLS/openssl/1.0.2d/TLS12/learnedModel.dot,randomWp,39,500000,10,True,158,709,36103,330124
./TLS/openssl/1.1.0a/TLS12/learnedModel.dot,randomWp,39,500000,8,True,115,534,1874,16503
./TLS/openssl/1.0.1r/TLS12/learnedModel.dot,randomWp,33,500000,11,True,223,908,709,5847
./TLS/openssl/1.1.1g/TLS12/learnedModel.dot,randomWp,24,500000,8,True,128,512,16033,141597
./TLS/openssl/0.9.8zh/TLS10/learnedModel.dot,randomWp,15,500000,11,True,205,819,19039,171913
./TLS/openssl/1.0.1/TLS12/learnedModel.dot,randomWp,8,500000,13,True,221,1044,534,4817
./TLS/openssl/1.0.1/TLS10/learnedModel.dot,randomWp,11,500000,14,True,274,1384,60280,584803
./TLS/openssl/0.9.7d/TLS10/learnedModel.dot,randomWp,5,500000,14,True,258,1323,80013,779070
./TLS/openssl/1.0.0p/TLS10/learnedModel.dot,randomWp,5,500000,11,True,186,862,12203,110009
./TLS/openssl/0.9.8y/TLS10/learnedModel.dot,randomWp,13,500000,14,True,243,1146,2943,27341
./TLS/openssl/0.9.8l/TLS10/learnedModel.dot,randomWp,1,500000,10,True,147,615,863,7165
./TLS/openssl/1.0.0m/TLS10/learnedModel.dot,randomWp,5,500000,13,True,220,1054,12949,122647
./TLS/openssl/1.0.1d/TLS12/learnedModel.dot,randomWp,2,500000,13,True,255,1083,2689,23817
./TLS/openssl/1.0.0g/TLS10/learnedModel.dot,randomWp,4,500000,11,True,192,895,526,4840
./TLS/mbedtls/1.2.7/TLS12/learnedModel.dot,randomWp,42,500000,6,True,239,921,236,1669
./TLS/mbedtls/1.1.8/TLS11/learnedModel.dot,randomWp,20,500000,6,True,208,823,1427,10917
./TLS/mbedtls/2.7.8/TLS12/learnedModel.dot,randomWp,72,500000,6,True,136,493,2,4
./TLS/mbedtls/3.0.0p1/TLS12/learnedModel.dot,randomWp,99,500000,8,True,186,741,1018,8215
./TLS/mbedtls/2.1.5/TLS12/learnedModel.dot,randomWp,81,500000,6,True,220,841,1512,12172
./TLS/mbedtls/1.3.3/TLS12/learnedModel.dot,randomWp,18,500000,6,True,187,747,3584,27978
./TLS/openssl/0.9.8a/TLS10/learnedModel.dot,randomWp,33,500000,14,True,167,774,90663,882052
./TLS/openssl/1.0.2m/TLS12/learnedModel.dot,randomWp,27,500000,8,True,122,564,35274,311898
./TLS/openssl/1.0.2d/TLS12/learnedModel.dot,randomWp,39,500000,10,True,198,860,23694,216788
./TLS/openssl/1.1.0a/TLS12/learnedModel.dot,randomWp,39,500000,8,True,140,571,58426,515971
./TLS/openssl/1.0.1r/TLS12/learnedModel.dot,randomWp,33,500000,11,True,180,848,1834,16575
./TLS/openssl/1.1.1g/TLS12/learnedModel.dot,randomWp,24,500000,8,True,108,481,20050,176673
./TLS/openssl/0.9.8zh/TLS10/learnedModel.dot,randomWp,15,500000,11,True,218,935,12548,114584
./TLS/openssl/1.0.1/TLS12/learnedModel.dot,randomWp,8,500000,13,True,209,972,37679,359726
./TLS/openssl/1.0.1/TLS10/learnedModel.dot,randomWp,11,500000,14,True,250,1116,20859,201922
./TLS/openssl/0.9.7d/TLS10/learnedModel.dot,randomWp,5,500000,14,True,262,1284,17992,173768
./TLS/openssl/1.0.0p/TLS10/learnedModel.dot,randomWp,5,500000,11,True,166,801,1903,17748
./TLS/openssl/0.9.8y/TLS10/learnedModel.dot,randomWp,13,500000,14,True,245,1149,5385,50091
./TLS/openssl/0.9.8l/TLS10/learnedModel.dot,randomWp,1,500000,10,True,171,741,567,4652
./TLS/openssl/1.0.0m/TLS10/learnedModel.dot,randomWp,5,500000,13,True,179,867,2878,25233
./TLS/openssl/1.0.1d/TLS12/learnedModel.dot,randomWp,2,500000,13,True,191,878,66129,622032
./TLS/openssl/1.0.0g/TLS10/learnedModel.dot,randomWp,4,500000,11,True,167,796,1426,12521
./TLS/mbedtls/1.2.7/TLS12/learnedModel.dot,randomWp,42,500000,6,True,225,896,577,4318
./TLS/mbedtls/1.1.8/TLS11/learnedModel.dot,randomWp,20,500000,6,True,204,797,2354,19047
./TLS/mbedtls/2.7.8/TLS12/learnedModel.dot,randomWp,72,500000,6,True,131,483,97,789
./TLS/mbedtls/3.0.0p1/TLS12/learnedModel.dot,randomWp,99,500000,8,True,174,685,1215,10078
./TLS/mbedtls/2.1.5/TLS12/learnedModel.dot,randomWp,81,500000,6,True,193,779,874,6542
./TLS/mbedtls/1.3.3/TLS12/learnedModel.dot,randomWp,18,500000,6,True,239,935,377,2810
./TLS/openssl/0.9.8a/TLS10/learnedModel.dot,randomWp,33,500000,14,True,264,1246,45345,441470
./TLS/openssl/1.0.2m/TLS12/learnedModel.dot,randomWp,27,500000,8,True,131,622,3958,34730
./TLS/openssl/1.0.2d/TLS12/learnedModel.dot,randomWp,39,500000,10,True,169,800,6108,54777
./TLS/openssl/1.1.0a/TLS12/learnedModel.dot,randomWp,39,500000,8,True,115,521,3540,31294
./TLS/openssl/1.0.1r/TLS12/learnedModel.dot,randomWp,33,500000,11,True,237,1060,4402,39928
./TLS/openssl/1.1.1g/TLS12/learnedModel.dot,randomWp,24,500000,8,True,105,471,5533,48368
./TLS/openssl/0.9.8zh/TLS10/learnedModel.dot,randomWp,15,500000,11,True,223,900,430,3667
./TLS/openssl/1.0.1/TLS12/learnedModel.dot,randomWp,8,500000,13,True,261,1217,26556,256119
./TLS/openssl/1.0.1/TLS10/learnedModel.dot,randomWp,11,500000,14,True,275,1268,3767,34377
./TLS/openssl/0.9.7d/TLS10/learnedModel.dot,randomWp,5,500000,14,True,227,1116,419544,4090618
./TLS/openssl/1.0.0p/TLS10/learnedModel.dot,randomWp,5,500000,11,True,203,885,524,4609
./TLS/openssl/0.9.8y/TLS10/learnedModel.dot,randomWp,13,500000,14,True,260,1236,1739,16105
./TLS/openssl/0.9.8l/TLS10/learnedModel.dot,randomWp,1,500000,10,True,145,614,55,382
./TLS/openssl/1.0.0m/TLS10/learnedModel.dot,randomWp,5,500000,13,True,260,1197,2682,24044
./TLS/openssl/1.0.1d/TLS12/learnedModel.dot,randomWp,2,500000,13,True,269,1154,6949,65184
./TLS/openssl/1.0.0g/TLS10/learnedModel.dot,randomWp,4,500000,11,True,154,713,1265,11047
./TLS/mbedtls/1.2.7/TLS12/learnedModel.dot,randomWp,42,500000,6,True,231,900,416,3277
./TLS/mbedtls/1.1.8/TLS11/learnedModel.dot,randomWp,20,500000,6,True,193,796,1319,10307
./TLS/mbedtls/2.7.8/TLS12/learnedModel.dot,randomWp,72,500000,6,True,120,450,505,3823
./TLS/mbedtls/3.0.0p1/TLS12/learnedModel.dot,randomWp,99,500000,8,True,182,707,113,823
./TLS/mbedtls/2.1.5/TLS12/learnedModel.dot,randomWp,81,500000,6,True,206,818,1124,8574
./TLS/mbedtls/1.3.3/TLS12/learnedModel.dot,randomWp,18,500000,6,True,230,941,442,3361
./TLS/openssl/0.9.8a/TLS10/learnedModel.dot,randomWp,33,500000,14,True,263,1238,67096,653674
./TLS/openssl/1.0.2m/TLS12/learnedModel.dot,randomWp,27,500000,8,True,156,674,32724,288896
./TLS/openssl/1.0.2d/TLS12/learnedModel.dot,randomWp,39,500000,10,True,156,737,15823,144512
./TLS/openssl/1.1.0a/TLS12/learnedModel.dot,randomWp,39,500000,8,True,104,467,6431,56153
./TLS/openssl/1.0.1r/TLS12/learnedModel.dot,randomWp,33,500000,11,True,190,810,7035,64128
./TLS/openssl/1.1.1g/TLS12/learnedModel.dot,randomWp,24,500000,8,True,109,478,4521,39584
./TLS/openssl/0.9.8zh/TLS10/learnedModel.dot,randomWp,15,500000,11,True,235,972,8404,76500
./TLS/openssl/1.0.1/TLS12/learnedModel.dot,randomWp,8,500000,13,True,212,1018,14550,139087
./TLS/openssl/1.0.1/TLS10/learnedModel.dot,randomWp,11,500000,14,True,231,1076,42541,410517
./TLS/openssl/0.9.7d/TLS10/learnedModel.dot,randomWp,5,500000,14,True,239,1231,53693,519595
./TLS/openssl/1.0.0p/TLS10/learnedModel.dot,randomWp,5,500000,11,True,219,891,4681,42143
./TLS/openssl/0.9.8y/TLS10/learnedModel.dot,randomWp,13,500000,14,True,343,1647,5392,50926
./TLS/openssl/0.9.8l/TLS10/learnedModel.dot,randomWp,1,500000,10,True,161,655,306,2663
./TLS/openssl/1.0.0m/TLS10/learnedModel.dot,randomWp,5,500000,13,True,273,1256,3781,35030
./TLS/openssl/1.0.1d/TLS12/learnedModel.dot,randomWp,2,500000,13,True,292,1274,152,1097
./TLS/openssl/1.0.0g/TLS10/learnedModel.dot,randomWp,4,500000,11,True,204,994,78,588
./TLS/mbedtls/1.2.7/TLS12/learnedModel.dot,randomWp,42,500000,6,True,192,783,2256,17121
./TLS/mbedtls/1.1.8/TLS11/learnedModel.dot,randomWp,20,500000,6,True,232,908,371,2893
./TLS/mbedtls/2.7.8/TLS12/learnedModel.dot,randomWp,72,500000,6,True,123,460,437,3242
./TLS/mbedtls/3.0.0p1/TLS12/learnedModel.dot,randomWp,99,500000,8,True,177,690,991,8187
./TLS/mbedtls/2.1.5/TLS12/learnedModel.dot,randomWp,81,500000,6,True,203,815,1518,11452
./TLS/mbedtls/1.3.3/TLS12/learnedModel.dot,randomWp,18,500000,6,True,248,949,238,1714
./TLS/openssl/0.9.8a/TLS10/learnedModel.dot,randomWp,33,500000,14,True,259,1172,3393,31724
./TLS/openssl/1.0.2m/TLS12/learnedModel.dot,randomWp,27,500000,8,True,132,632,4061,35960
./TLS/openssl/1.0.2d/TLS12/learnedModel.dot,randomWp,39,500000,10,True,143,668,15767,142745
./TLS/openssl/1.1.0a/TLS12/learnedModel.dot,randomWp,39,500000,8,True,115,487,10346,90870
./TLS/openssl/1.0.1r/TLS12/learnedModel.dot,randomWp,33,500000,11,True,185,786,589,5019
./TLS/openssl/1.1.1g/TLS12/learnedModel.dot,randomWp,24,500000,8,True,109,489,8619,75321
./TLS/openssl/0.9.8zh/TLS10/learnedModel.dot,randomWp,15,500000,11,True,209,905,5540,50028
./TLS/openssl/1.0.1/TLS12/learnedModel.dot,randomWp,8,500000,13,True,259,1158,2440,22611
./TLS/openssl/1.0.1/TLS10/learnedModel.dot,randomWp,11,500000,14,True,295,1528,10074,96931
./TLS/openssl/0.9.7d/TLS10/learnedModel.dot,randomWp,5,500000,14,True,303,1528,31276,299949
./TLS/openssl/1.0.0p/TLS10/learnedModel.dot,randomWp,5,500000,11,True,211,849,8878,79826
./TLS/openssl/0.9.8y/TLS10/learnedModel.dot,randomWp,13,500000,14,True,261,1149,18066,170755
./TLS/openssl/0.9.8l/TLS10/learnedModel.dot,randomWp,1,500000,10,True,172,669,37,255
./TLS/openssl/1.0.0m/TLS10/learnedModel.dot,randomWp,5,500000,13,True,209,994,1701,14922
./TLS/openssl/1.0.1d/TLS12/learnedModel.dot,randomWp,2,500000,13,True,210,919,1031,8660
./TLS/openssl/1.0.0g/TLS10/learnedModel.dot,randomWp,4,500000,11,True,158,751,2258,19616
./TLS/mbedtls/1.2.7/TLS12/learnedModel.dot,randomWp,42,500000,6,True,192,781,1873,14379
./TLS/mbedtls/1.1.8/TLS11/learnedModel.dot,randomWp,20,500000,6,True,192,775,2690,20900
./TLS/mbedtls/2.7.8/TLS12/learnedModel.dot,randomWp,72,500000,6,True,138,502,8,60
./TLS/mbedtls/3.0.0p1/TLS12/learnedModel.dot,randomWp,99,500000,8,True,197,770,6,33
./TLS/mbedtls/2.1.5/TLS12/learnedModel.dot,randomWp,81,500000,6,True,214,851,637,4889
./TLS/mbedtls/1.3.3/TLS12/learnedModel.dot,randomWp,18,500000,6,True,215,854,755,5748
./TLS/openssl/0.9.8a/TLS10/learnedModel.dot,randomWp,33,500000,14,True,188,836,481435,4686826
./TLS/openssl/1.0.2m/TLS12/learnedModel.dot,randomWp,27,500000,8,True,154,652,32731,288485
./TLS/openssl/1.0.2d/TLS12/learnedModel.dot,randomWp,39,500000,10,True,151,724,4155,37428
./TLS/openssl/1.1.0a/TLS12/learnedModel.dot,randomWp,39,500000,8,True,116,539,667,5712
./TLS/openssl/1.0.1r/TLS12/learnedModel.dot,randomWp,33,500000,11,True,207,895,15392,139536
./TLS/openssl/1.1.1g/TLS12/learnedModel.dot,randomWp,24,500000,8,True,113,520,1507,12812
./TLS/openssl/0.9.8zh/TLS10/learnedModel.dot,randomWp,15,500000,11,True,180,811,11216,101870
./TLS/openssl/1.0.1/TLS12/learnedModel.dot,randomWp,8,500000,13,True,245,1146,1586,14812
./TLS/openssl/1.0.1/TLS10/learnedModel.dot,randomWp,11,500000,14,True,306,1381,2551,23713
./TLS/openssl/0.9.7d/TLS10/learnedModel.dot,randomWp,5,500000,14,True,354,1662,30670,298970
./TLS/openssl/1.0.0p/TLS10/learnedModel.dot,randomWp,5,500000,11,True,183,880,5574,50501
./TLS/openssl/0.9.8y/TLS10/learnedModel.dot,randomWp,13,500000,14,True,246,1165,14211,136560
./TLS/openssl/0.9.8l/TLS10/learnedModel.dot,randomWp,1,500000,10,True,129,537,476,3991
./TLS/openssl/1.0.0m/TLS10/learnedModel.dot,randomWp,5,500000,13,True,207,1000,10831,101615
./TLS/openssl/1.0.1d/TLS12/learnedModel.dot,randomWp,2,500000,13,True,239,1039,72227,676451
./TLS/openssl/1.0.0g/TLS10/learnedModel.dot,randomWp,4,500000,11,True,160,753,3512,32091
./TLS/mbedtls/1.2.7/TLS12/learnedModel.dot,randomWp,42,500000,6,True,218,856,1066,8228
./TLS/mbedtls/1.1.8/TLS11/learnedModel.dot,randomWp,20,500000,6,True,200,804,1205,9539
./TLS/mbedtls/2.7.8/TLS12/learnedModel.dot,randomWp,72,500000,6,True,122,458,630,4842
./TLS/mbedtls/3.0.0p1/TLS12/learnedModel.dot,randomWp,99,500000,8,True,195,765,134,1059
./TLS/mbedtls/2.1.5/TLS12/learnedModel.dot,randomWp,81,500000,6,True,206,820,1516,12006
./TLS/mbedtls/1.3.3/TLS12/learnedModel.dot,randomWp,18,500000,6,True,241,924,501,3948
./TLS/openssl/0.9.8a/TLS10/learnedModel.dot,randomWp,33,500000,14,True,217,1025,39413,383361
./TLS/openssl/1.0.2m/TLS12/learnedModel.dot,randomWp,27,500000,8,True,161,700,10641,94268
./TLS/openssl/1.0.2d/TLS12/learnedModel.dot,randomWp,39,500000,10,True,156,728,12885,117416
./TLS/openssl/1.1.0a/TLS12/learnedModel.dot,randomWp,39,500000,8,True,122,548,2961,25928
./TLS/openssl/1.0.1r/TLS12/learnedModel.dot,randomWp,33,500000,11,True,211,853,516,4444
./TLS/openssl/1.1.1g/TLS12/learnedModel.dot,randomWp,24,500000,8,True,110,497,8133,71455
./TLS/openssl/0.9.8zh/TLS10/learnedModel.dot,randomWp,15,500000,11,True,221,966,12964,117208
./TLS/openssl/1.0.1/TLS12/learnedModel.dot,randomWp,8,500000,13,True,195,888,7602,69511
./TLS/openssl/1.0.1/TLS10/learnedModel.dot,randomWp,11,500000,14,True,292,1404,3291,31732
./TLS/openssl/0.9.7d/TLS10/learnedModel.dot,randomWp,5,500000,14,True,262,1299,41119,398354
./TLS/openssl/1.0.0p/TLS10/learnedModel.dot,randomWp,5,500000,11,True,181,822,10270,93654
./TLS/openssl/0.9.8y/TLS10/learnedModel.dot,randomWp,13,500000,14,True,238,1137,1887,16846
./TLS/openssl/0.9.8l/TLS10/learnedModel.dot,randomWp,1,500000,10,True,187,744,551,4578
./TLS/openssl/1.0.0m/TLS10/learnedModel.dot,randomWp,5,500000,13,True,250,1148,10348,99838
./TLS/openssl/1.0.1d/TLS12/learnedModel.dot,randomWp,2,500000,13,True,235,1080,67,501
./TLS/openssl/1.0.0g/TLS10/learnedModel.dot,randomWp,4,500000,11,True,211,938,2966,25748
./TLS/mbedtls/1.2.7/TLS12/learnedModel.dot,randomWp,42,500000,6,True,215,864,772,5656
./TLS/mbedtls/1.1.8/TLS11/learnedModel.dot,randomWp,20,500000,6,True,221,870,755,5892
./TLS/mbedtls/2.7.8/TLS12/learnedModel.dot,randomWp,72,500000,6,True,114,436,824,5991
./TLS/mbedtls/3.0.0p1/TLS12/learnedModel.dot,randomWp,99,500000,8,True,201,806,314,2796
./TLS/mbedtls/2.1.5/TLS12/learnedModel.dot,randomWp,81,500000,6,True,196,782,1515,11375
./TLS/mbedtls/1.3.3/TLS12/learnedModel.dot,randomWp,18,500000,6,True,196,796,1786,13653
./TLS/openssl/0.9.8a/TLS10/learnedModel.dot,randomWp,33,500000,14,True,258,1211,74464,727156
./TLS/openssl/1.0.2m/TLS12/learnedModel.dot,randomWp,27,500000,8,True,166,747,2538,22246
./TLS/openssl/1.0.2d/TLS12/learnedModel.dot,randomWp,39,500000,10,True,193,863,2234,20041
./TLS/openssl/1.1.0a/TLS12/learnedModel.dot,randomWp,39,500000,8,True,131,532,3325,28821
./TLS/openssl/1.0.1r/TLS12/learnedModel.dot,randomWp,33,500000,11,True,193,845,1205,10611
./TLS/openssl/1.1.1g/TLS12/learnedModel.dot,randomWp,24,500000,8,True,107,466,6286,55453
./TLS/openssl/0.9.8zh/TLS10/learnedModel.dot,randomWp,15,500000,11,True,228,944,1680,14081
./TLS/openssl/1.0.1/TLS12/learnedModel.dot,randomWp,8,500000,13,True,252,1139,14984,142717
./TLS/openssl/1.0.1/TLS10/learnedModel.dot,randomWp,11,500000,14,True,228,1093,40590,392308
./TLS/openssl/0.9.7d/TLS10/learnedModel.dot,randomWp,5,500000,14,True,308,1502,306461,2980242
./TLS/openssl/1.0.0p/TLS10/learnedModel.dot,randomWp,5,500000,11,True,167,715,1173,10035
./TLS/openssl/0.9.8y/TLS10/learnedModel.dot,randomWp,13,500000,14,True,329,1594,30169,292437
./TLS/openssl/0.9.8l/TLS10/learnedModel.dot,randomWp,1,500000,10,True,155,684,347,2687
./TLS/openssl/1.0.0m/TLS10/learnedModel.dot,randomWp,5,500000,13,True,222,1006,2884,25717
./TLS/openssl/1.0.1d/TLS12/learnedModel.dot,randomWp,2,500000,13,True,227,1015,1785,16594
./TLS/openssl/1.0.0g/TLS10/learnedModel.dot,randomWp,4,500000,11,True,155,735,2507,22320
./TLS/mbedtls/1.2.7/TLS12/learnedModel.dot,randomWp,42,500000,6,True,216,844,1864,14196
./TLS/mbedtls/1.1.8/TLS11/learnedModel.dot,randomWp,20,500000,6,True,208,838,1354,10677
./TLS/mbedtls/2.7.8/TLS12/learnedModel.dot,randomWp,72,500000,6,True,136,493,30,210
./TLS/mbedtls/3.0.0p1/TLS12/learnedModel.dot,randomWp,99,500000,8,True,201,809,121,903
./TLS/mbedtls/2.1.5/TLS12/learnedModel.dot,randomWp,81,500000,6,True,202,796,1398,10866
./TLS/mbedtls/1.3.3/TLS12/learnedModel.dot,randomWp,18,500000,6,True,221,875,905,7170
./TLS/openssl/0.9.8a/TLS10/learnedModel.dot,randomWp,33,500000,14,True,242,1125,18496,177700
./TLS/openssl/1.0.2m/TLS12/learnedModel.dot,randomWp,27,500000,8,True,165,731,4362,38467
./TLS/openssl/1.0.2d/TLS12/learnedModel.dot,randomWp,39,500000,10,True,204,920,2199,19761
./TLS/openssl/1.1.0a/TLS12/learnedModel.dot,randomWp,39,500000,8,True,128,568,3129,27497
./TLS/openssl/1.0.1r/TLS12/learnedModel.dot,randomWp,33,500000,11,True,180,846,6934,63990
./TLS/openssl/1.1.1g/TLS12/learnedModel.dot,randomWp,24,500000,8,True,132,590,2392,20895
./TLS/openssl/0.9.8zh/TLS10/learnedModel.dot,randomWp,15,500000,11,True,183,823,20128,184299
./TLS/openssl/1.0.1/TLS12/learnedModel.dot,randomWp,8,500000,13,True,317,1458,11440,108272
./TLS/openssl/1.0.1/TLS10/learnedModel.dot,randomWp,11,500000,14,True,256,1198,2080,19570
./TLS/openssl/0.9.7d/TLS10/learnedModel.dot,randomWp,5,500000,14,True,237,1220,138483,1341599
./TLS/openssl/1.0.0p/TLS10/learnedModel.dot,randomWp,5,500000,11,True,228,953,5705,51607
./TLS/openssl/0.9.8y/TLS10/learnedModel.dot,randomWp,13,500000,14,True,340,1657,12485,120473
./TLS/openssl/0.9.8l/TLS10/learnedModel.dot,randomWp,1,500000,10,True,179,713,187,1484
./TLS/openssl/1.0.0m/TLS10/learnedModel.dot,randomWp,5,500000,13,True,274,1275,12001,115410
./TLS/openssl/1.0.1d/TLS12/learnedModel.dot,randomWp,2,500000,13,True,249,1054,5349,48929
./TLS/openssl/1.0.0g/TLS10/learnedModel.dot,randomWp,4,500000,11,True,172,787,2084,18424
./TLS/mbedtls/1.2.7/TLS12/learnedModel.dot,randomWp,42,500000,6,True,217,872,910,6893
./TLS/mbedtls/1.1.8/TLS11/learnedModel.dot,randomWp,20,500000,6,True,200,816,1459,11652
./TLS/mbedtls/2.7.8/TLS12/learnedModel.dot,randomWp,72,500000,6,True,132,483,214,1614
./TLS/mbedtls/3.0.0p1/TLS12/learnedModel.dot,randomWp,99,500000,8,True,195,765,25,205
./TLS/mbedtls/2.1.5/TLS12/learnedModel.dot,randomWp,81,500000,6,True,237,889,722,5869
./TLS/mbedtls/1.3.3/TLS12/learnedModel.dot,randomWp,18,500000,6,True,209,849,1115,8693
./TLS/openssl/0.9.8a/TLS10/learnedModel.dot,randomWp,33,500000,14,True,231,1055,19090,184928
./TLS/openssl/1.0.2m/TLS12/learnedModel.dot,randomWp,27,500000,8,True,133,643,1495,12574
./TLS/openssl/1.0.2d/TLS12/learnedModel.dot,randomWp,39,500000,10,True,206,924,3203,29071
./TLS/openssl/1.1.0a/TLS12/learnedModel.dot,randomWp,39,500000,8,True,101,442,10997,96550
./TLS/openssl/1.0.1r/TLS12/learnedModel.dot,randomWp,33,500000,11,True,182,850,15736,143091
./TLS/openssl/1.1.1g/TLS12/learnedModel.dot,randomWp,24,500000,8,True,116,494,11101,97205
./TLS/openssl/0.9.8zh/TLS10/learnedModel.dot,randomWp,15,500000,11,True,167,722,1477,12593
./TLS/openssl/1.0.1/TLS12/learnedModel.dot,randomWp,8,500000,13,True,302,1404,591,5299
./TLS/openssl/1.0.1/TLS10/learnedModel.dot,randomWp,11,500000,14,True,248,1183,4160,38989
./TLS/openssl/0.9.7d/TLS10/learnedModel.dot,randomWp,5,500000,11,False,289,1373,503057,4900551
./TLS/openssl/1.0.0p/TLS10/learnedModel.dot,randomWp,5,500000,11,True,212,868,1446,12919
./TLS/openssl/0.9.8y/TLS10/learnedModel.dot,randomWp,13,500000,14,True,231,1133,44525,430244
./TLS/openssl/0.9.8l/TLS10/learnedModel.dot,randomWp,1,500000,10,True,192,774,166,1281
./TLS/openssl/1.0.0m/TLS10/learnedModel.dot,randomWp,5,500000,13,True,253,1164,1836,17197
./TLS/openssl/1.0.1d/TLS12/learnedModel.dot,randomWp,2,500000,13,True,248,1063,20292,188220
./TLS/openssl/1.0.0g/TLS10/learnedModel.dot,randomWp,4,500000,11,True,147,634,1426,12897
./TLS/mbedtls/1.2.7/TLS12/learnedModel.dot,randomWp,42,500000,6,True,204,808,1997,15692
./TLS/mbedtls/1.1.8/TLS11/learnedModel.dot,randomWp,20,500000,6,True,231,898,596,4626
./TLS/mbedtls/2.7.8/TLS12/learnedModel.dot,randomWp,72,500000,6,True,134,489,67,453
./TLS/mbedtls/3.0.0p1/TLS12/learnedModel.dot,randomWp,99,500000,8,True,184,719,408,3483
./TLS/mbedtls/2.1.5/TLS12/learnedModel.dot,randomWp,81,500000,6,True,241,957,425,3523
./TLS/mbedtls/1.3.3/TLS12/learnedModel.dot,randomWp,18,500000,6,True,201,809,1513,11953
./TLS/openssl/0.9.8a/TLS10/learnedModel.dot,randomWp,33,500000,14,True,218,1070,197888,1928419
./TLS/openssl/1.0.2m/TLS12/learnedModel.dot,randomWp,27,500000,8,True,131,634,4340,38722
./TLS/openssl/1.0.2d/TLS12/learnedModel.dot,randomWp,39,500000,10,True,187,819,5449,50294
./TLS/openssl/1.1.0a/TLS12/learnedModel.dot,randomWp,39,500000,8,True,121,526,11971,104894
./TLS/openssl/1.0.1r/TLS12/learnedModel.dot,randomWp,33,500000,11,True,214,886,491,4021
./TLS/openssl/1.1.1g/TLS12/learnedModel.dot,randomWp,24,500000,8,True,107,485,1479,13062
./TLS/openssl/0.9.8zh/TLS10/learnedModel.dot,randomWp,15,500000,11,True,236,1037,8304,75391
./TLS/openssl/1.0.1/TLS12/learnedModel.dot,randomWp,8,500000,13,True,202,929,16927,162542
./TLS/openssl/1.0.1/TLS10/learnedModel.dot,randomWp,11,500000,14,True,283,1300,14776,140723
./TLS/openssl/0.9.7d/TLS10/learnedModel.dot,randomWp,5,500000,14,True,259,1297,66646,646505
./TLS/openssl/1.0.0p/TLS10/learnedModel.dot,randomWp,5,500000,11,True,208,902,10151,91706
./TLS/openssl/0.9.8y/TLS10/learnedModel.dot,randomWp,13,500000,14,True,313,1447,9425,89698
./TLS/openssl/0.9.8l/TLS10/learnedModel.dot,randomWp,1,500000,10,True,120,489,729,6010
./TLS/openssl/1.0.0m/TLS10/learnedModel.dot,randomWp,5,500000,13,True,262,1179,52098,505440
./TLS/openssl/1.0.1d/TLS12/learnedModel.dot,randomWp,2,500000,13,True,274,1185,6739,62435
./TLS/openssl/1.0.0g/TLS10/learnedModel.dot,randomWp,4,500000,11,True,161,774,2949,26390
./TLS/mbedtls/1.2.7/TLS12/learnedModel.dot,randomWp,42,500000,6,True,224,881,625,4994
./TLS/mbedtls/1.1.8/TLS11/learnedModel.dot,randomWp,20,500000,6,True,217,865,902,6864
./TLS/mbedtls/2.7.8/TLS12/learnedModel.dot,randomWp,72,500000,6,True,136,504,56,457
./TLS/mbedtls/3.0.0p1/TLS12/learnedModel.dot,randomWp,99,500000,8,True,198,797,394,3180
./TLS/mbedtls/2.1.5/TLS12/learnedModel.dot,randomWp,81,500000,6,True,212,845,745,5775
./TLS/mbedtls/1.3.3/TLS12/learnedModel.dot,randomWp,18,500000,6,True,218,870,841,6524
./TLS/openssl/0.9.8a/TLS10/learnedModel.dot,randomWp,33,500000,14,True,254,1163,66705,647458
./TLS/openssl/1.0.2m/TLS12/learnedModel.dot,randomWp,27,500000,8,True,127,603,12380,110094
./TLS/openssl/1.0.2d/TLS12/learnedModel.dot,randomWp,39,500000,10,True,145,683,10115,91727
./TLS/openssl/1.1.0a/TLS12/learnedModel.dot,randomWp,39,500000,8,True,100,436,7443,65755
./TLS/openssl/1.0.1r/TLS12/learnedModel.dot,randomWp,33,500000,11,True,235,1071,6988,63491
./TLS/openssl/1.1.1g/TLS12/learnedModel.dot,randomWp,24,500000,8,True,123,532,15787,140704
./TLS/openssl/0.9.8zh/TLS10/learnedModel.dot,randomWp,15,500000,11,True,211,939,5387,50368
./TLS/openssl/1.0.1/TLS12/learnedModel.dot,randomWp,8,500000,13,True,237,1033,14393,137526
./TLS/openssl/1.0.1/TLS10/learnedModel.dot,randomWp,11,500000,14,True,309,1408,4947,46776
./TLS/openssl/0.9.7d/TLS10/learnedModel.dot,randomWp,5,500000,14,True,277,1234,27756,268700
./TLS/openssl/1.0.0p/TLS10/learnedModel.dot,randomWp,5,500000,11,True,189,806,939,7974
./TLS/openssl/0.9.8y/TLS10/learnedModel.dot,randomWp,13,500000,14,True,268,1190,16673,161405
./TLS/openssl/0.9.8l/TLS10/learnedModel.dot,randomWp,1,500000,10,True,190,794,68,509
./TLS/openssl/1.0.0m/TLS10/learnedModel.dot,randomWp,5,500000,13,True,223,1085,2911,26656
./TLS/openssl/1.0.1d/TLS12/learnedModel.dot,randomWp,2,500000,13,True,254,1082,11398,106521
./TLS/openssl/1.0.0g/TLS10/learnedModel.dot,randomWp,4,500000,11,True,169,794,3637,32145
./TLS/mbedtls/1.2.7/TLS12/learnedModel.dot,randomWp,42,500000,6,True,257,976,46,381
./TLS/mbedtls/1.1.8/TLS11/learnedModel.dot,randomWp,20,500000,6,True,216,859,412,3410
./TLS/mbedtls/2.7.8/TLS12/learnedModel.dot,randomWp,72,500000,6,True,129,477,395,2826
./TLS/mbedtls/3.0.0p1/TLS12/learnedModel.dot,randomWp,99,500000,8,True,188,750,142,993
./TLS/mbedtls/2.1.5/TLS12/learnedModel.dot,randomWp,81,500000,6,True,217,842,906,7320
./TLS/mbedtls/1.3.3/TLS12/learnedModel.dot,randomWp,18,500000,6,True,174,714,4059,31795
./TLS/openssl/0.9.8a/TLS10/learnedModel.dot,randomWp,33,500000,14,True,249,1173,253323,2459393
./TLS/openssl/1.0.2m/TLS12/learnedModel.dot,randomWp,27,500000,8,True,117,558,10436,91334
./TLS/openssl/1.0.2d/TLS12/learnedModel.dot,randomWp,39,500000,10,True,171,815,1058,8792
./TLS/openssl/1.1.0a/TLS12/learnedModel.dot,randomWp,39,500000,8,True,99,428,12390,109792
./TLS/openssl/1.0.1r/TLS12/learnedModel.dot,randomWp,33,500000,11,True,201,885,5868,53358
./TLS/openssl/1.1.1g/TLS12/learnedModel.dot,randomWp,24,500000,8,True,128,568,3513,31005
./TLS/openssl/0.9.8zh/TLS10/learnedModel.dot,randomWp,15,500000,11,True,225,1006,26960,245644
./TLS/openssl/1.0.1/TLS12/learnedModel.dot,randomWp,8,500000,13,True,252,1192,3500,32025
./TLS/openssl/1.0.1/TLS10/learnedModel.dot,randomWp,11,500000,14,True,340,1621,2806,26689
./TLS/openssl/0.9.7d/TLS10/learnedModel.dot,randomWp,5,500000,14,True,332,1613,203805,1982231
./TLS/openssl/1.0.0p/TLS10/learnedModel.dot,randomWp,5,500000,11,True,213,927,6610,60129
./TLS/openssl/0.9.8y/TLS10/learnedModel.dot,randomWp,13,500000,14,True,224,1096,24362,234964
./TLS/openssl/0.9.8l/TLS10/learnedModel.dot,randomWp,1,500000,10,True,129,535,722,6159
./TLS/openssl/1.0.0m/TLS10/learnedModel.dot,randomWp,5,500000,13,True,208,1000,26488,256314
./TLS/openssl/1.0.1d/TLS12/learnedModel.dot,randomWp,2,500000,13,True,221,1007,23774,221312
./TLS/openssl/1.0.0g/TLS10/learnedModel.dot,randomWp,4,500000,11,True,169,741,4298,37845
./TLS/mbedtls/1.2.7/TLS12/learnedModel.dot,randomWp,42,500000,6,True,202,824,1264,9470
./TLS/mbedtls/1.1.8/TLS11/learnedModel.dot,randomWp,20,500000,6,True,206,832,1348,10670
./TLS/mbedtls/2.7.8/TLS12/learnedModel.dot,randomWp,72,500000,6,True,118,447,829,6316
./TLS/mbedtls/3.0.0p1/TLS12/learnedModel.dot,randomWp,99,500000,8,True,186,717,637,5223
./TLS/mbedtls/2.1.5/TLS12/learnedModel.dot,randomWp,81,500000,6,True,199,786,2421,19064
./TLS/mbedtls/1.3.3/TLS12/learnedModel.dot,randomWp,18,500000,6,True,214,849,1264,9598
./TLS/openssl/0.9.8a/TLS10/learnedModel.dot,randomWp,33,500000,14,True,215,992,427020,4158583
./TLS/openssl/1.0.2m/TLS12/learnedModel.dot,randomWp,27,500000,8,True,154,646,29572,260883
./TLS/openssl/1.0.2d/TLS12/learnedModel.dot,randomWp,39,500000,10,True,154,745,1608,13836
./TLS/openssl/1.1.0a/TLS12/learnedModel.dot,randomWp,39,500000,8,True,109,488,15779,139204
./TLS/openssl/1.0.1r/TLS12/learnedModel.dot,randomWp,33,500000,11,True,217,991,9863,88804
./TLS/openssl/1.1.1g/TLS12/learnedModel.dot,randomWp,24,500000,8,True,123,544,9804,84891
./TLS/openssl/0.9.8zh/TLS10/learnedModel.dot,randomWp,15,500000,11,True,210,936,4209,37623
./TLS/openssl/1.0.1/TLS12/learnedModel.dot,randomWp,8,500000,13,True,252,1146,26221,250867
./TLS/openssl/1.0.1/TLS10/learnedModel.dot,randomWp,11,500000,14,True,341,1634,1388,12927
./TLS/openssl/0.9.7d/TLS10/learnedModel.dot,randomWp,5,500000,14,True,283,1286,271724,2643385
./TLS/openssl/1.0.0p/TLS10/learnedModel.dot,randomWp,5,500000,11,True,207,901,4688,42848
./TLS/openssl/0.9.8y/TLS10/learnedModel.dot,randomWp,13,500000,14,True,245,1164,7961,74660
./TLS/openssl/0.9.8l/TLS10/learnedModel.dot,randomWp,1,500000,10,True,174,692,1883,16009
./TLS/openssl/1.0.0m/TLS10/learnedModel.dot,randomWp,5,500000,13,True,190,913,12145,116768
./TLS/openssl/1.0.1d/TLS12/learnedModel.dot,randomWp,2,500000,13,True,278,1207,48760,456692
./TLS/openssl/1.0.0g/TLS10/learnedModel.dot,randomWp,4,500000,11,True,169,807,5300,46175
./TLS/mbedtls/1.2.7/TLS12/learnedModel.dot,randomWp,42,500000,6,True,230,890,912,7101
./TLS/mbedtls/1.1.8/TLS11/learnedModel.dot,randomWp,20,500000,6,True,194,786,1495,11323
./TLS/mbedtls/2.7.8/TLS12/learnedModel.dot,randomWp,72,500000,6,True,129,476,161,1051
./TLS/mbedtls/3.0.0p1/TLS12/learnedModel.dot,randomWp,99,500000,8,True,178,687,2394,19933
./TLS/mbedtls/2.1.5/TLS12/learnedModel.dot,randomWp,81,500000,6,True,202,798,1485,11690
./TLS/mbedtls/1.3.3/TLS12/learnedModel.dot,randomWp,18,500000,6,True,219,863,1265,10023
./TLS/openssl/0.9.8a/TLS10/learnedModel.dot,randomWp,33,500000,14,True,246,1208,34084,329372
./TLS/openssl/1.0.2m/TLS12/learnedModel.dot,randomWp,27,500000,8,True,160,694,32121,283948
./TLS/openssl/1.0.2d/TLS12/learnedModel.dot,randomWp,39,500000,10,True,136,643,18840,169009
./TLS/openssl/1.1.0a/TLS12/learnedModel.dot,randomWp,39,500000,8,True,107,485,868,7415
./TLS/openssl/1.0.1r/TLS12/learnedModel.dot,randomWp,33,500000,11,True,203,858,1705,15299
./TLS/openssl/1.1.1g/TLS12/learnedModel.dot,randomWp,24,500000,8,True,97,412,45392,401514
./TLS/openssl/0.9.8zh/TLS10/learnedModel.dot,randomWp,15,500000,11,True,194,835,5916,54024
./TLS/openssl/1.0.1/TLS12/learnedModel.dot,randomWp,8,500000,13,True,318,1473,3426,33073
./TLS/openssl/1.0.1/TLS10/learnedModel.dot,randomWp,11,500000,14,True,243,1166,5941,55769
./TLS/openssl/0.9.7d/TLS10/learnedModel.dot,randomWp,5,500000,14,True,223,1073,59742,579672
./TLS/openssl/1.0.0p/TLS10/learnedModel.dot,randomWp,5,500000,11,True,166,813,2056,20162
./TLS/openssl/0.9.8y/TLS10/learnedModel.dot,randomWp,13,500000,14,True,344,1650,2452,23576
./TLS/openssl/0.9.8l/TLS10/learnedModel.dot,randomWp,1,500000,10,True,130,537,869,7156
./TLS/openssl/1.0.0m/TLS10/learnedModel.dot,randomWp,5,500000,13,True,254,1180,4064,38069
./TLS/openssl/1.0.1d/TLS12/learnedModel.dot,randomWp,2,500000,13,True,221,983,982,9011
./TLS/openssl/1.0.0g/TLS10/learnedModel.dot,randomWp,4,500000,11,True,135,600,3595,33372
./TLS/mbedtls/1.2.7/TLS12/learnedModel.dot,randomWp,42,500000,6,True,242,934,241,1917
./TLS/mbedtls/1.1.8/TLS11/learnedModel.dot,randomWp,20,500000,6,True,204,804,2293,17845
./TLS/mbedtls/2.7.8/TLS12/learnedModel.dot,randomWp,72,500000,6,True,115,438,1771,13186
./TLS/mbedtls/3.0.0p1/TLS12/learnedModel.dot,randomWp,99,500000,8,True,189,775,953,8033
./TLS/mbedtls/2.1.5/TLS12/learnedModel.dot,randomWp,81,500000,6,True,183,733,3675,28322
./TLS/mbedtls/1.3.3/TLS12/learnedModel.dot,randomWp,18,500000,6,True,209,841,517,4006
./TLS/openssl/0.9.8a/TLS10/learnedModel.dot,randomWp,33,500000,14,True,263,1188,44041,426609
./TLS/openssl/1.0.2m/TLS12/learnedModel.dot,randomWp,27,500000,8,True,132,633,6377,56472
./TLS/openssl/1.0.2d/TLS12/learnedModel.dot,randomWp,39,500000,10,True,140,659,5519,49725
./TLS/openssl/1.1.0a/TLS12/learnedModel.dot,randomWp,39,500000,8,True,127,561,5323,46689
./TLS/openssl/1.0.1r/TLS12/learnedModel.dot,randomWp,33,500000,11,True,219,891,2413,20887
./TLS/openssl/1.1.1g/TLS12/learnedModel.dot,randomWp,24,500000,8,True,104,464,3372,29600
./TLS/openssl/0.9.8zh/TLS10/learnedModel.dot,randomWp,15,500000,11,True,201,936,1115,10542
./TLS/openssl/1.0.1/TLS12/learnedModel.dot,randomWp,8,500000,13,True,308,1417,4921,45710
./TLS/openssl/1.0.1/TLS10/learnedModel.dot,randomWp,11,500000,14,True,247,1162,2570,23878
./TLS/openssl/0.9.7d/TLS10/learnedModel.dot,randomWp,5,500000,14,True,261,1376,152900,1489902
./TLS/openssl/1.0.0p/TLS10/learnedModel.dot,randomWp,5,500000,11,True,220,982,3736,34320
./TLS/openssl/0.9.8y/TLS10/learnedModel.dot,randomWp,13,500000,14,True,303,1407,1437,13001
./TLS/openssl/0.9.8l/TLS10/learnedModel.dot,randomWp,1,500000,10,True,191,798,76,658
./TLS/openssl/1.0.0m/TLS10/learnedModel.dot,randomWp,5,500000,13,True,224,1043,30980,301215
./TLS/openssl/1.0.1d/TLS12/learnedModel.dot,randomWp,2,500000,13,True,239,1100,2101,19580
./TLS/openssl/1.0.0g/TLS10/learnedModel.dot,randomWp,4,500000,11,True,161,728,222,1793
./TLS/mbedtls/1.2.7/TLS12/learnedModel.dot,randomWp,42,500000,6,True,209,846,1090,7862
./TLS/mbedtls/1.1.8/TLS11/learnedModel.dot,randomWp,20,500000,6,True,236,905,807,6381
./TLS/mbedtls/2.7.8/TLS12/learnedModel.dot,randomWp,72,500000,6,True,136,492,33,254
./TLS/mbedtls/3.0.0p1/TLS12/learnedModel.dot,randomWp,99,500000,8,True,194,762,40,291
./TLS/mbedtls/2.1.5/TLS12/learnedModel.dot,randomWp,81,500000,6,True,197,796,1047,7934
./TLS/mbedtls/1.3.3/TLS12/learnedModel.dot,randomWp,18,500000,6,True,245,943,197,1474
./TLS/openssl/0.9.8a/TLS10/learnedModel.dot,randomWp,33,500000,14,True,240,1120,7731,74785
./TLS/openssl/1.0.2m/TLS12/learnedModel.dot,randomWp,27,500000,8,True,152,668,7242,63033
./TLS/openssl/1.0.2d/TLS12/learnedModel.dot,randomWp,39,500000,10,True,202,914,7150,64626
./TLS/openssl/1.1.0a/TLS12/learnedModel.dot,randomWp,39,500000,8,True,115,514,8193,71270
./TLS/openssl/1.0.1r/TLS12/learnedModel.dot,randomWp,33,500000,11,True,218,902,379,2918
./TLS/openssl/1.1.1g/TLS12/learnedModel.dot,randomWp,24,500000,8,True,117,495,12223,107294
./TLS/openssl/0.9.8zh/TLS10/learnedModel.dot,randomWp,15,500000,11,True,187,791,2020,18011
./TLS/openssl/1.0.1/TLS12/learnedModel.dot,randomWp,8,500000,13,True,251,1124,23169,221538
./TLS/openssl/1.0.1/TLS10/learnedModel.dot,randomWp,11,500000,14,True,228,1098,59299,573067
./TLS/openssl/0.9.7d/TLS10/learnedModel.dot,randomWp,5,500000,14,True,271,1400,116835,1132997
./TLS/openssl/1.0.0p/TLS10/learnedModel.dot,randomWp,5,500000,11,True,201,865,6276,57574
./TLS/openssl/0.9.8y/TLS10/learnedModel.dot,randomWp,13,500000,14,True,272,1260,567,4776
./TLS/openssl/0.9.8l/TLS10/learnedModel.dot,randomWp,1,500000,10,True,127,527,602,5103
./TLS/openssl/1.0.0m/TLS10/learnedModel.dot,randomWp,5,500000,13,True,182,876,4010,37808
./TLS/openssl/1.0.1d/TLS12/learnedModel.dot,randomWp,2,500000,13,True,283,1217,2961,26465
./TLS/openssl/1.0.0g/TLS10/learnedModel.dot,randomWp,4,500000,11,True,226,1007,1554,13134
./TLS/mbedtls/1.2.7/TLS12/learnedModel.dot,randomWp,42,500000,6,True,219,872,625,4575
./TLS/mbedtls/1.1.8/TLS11/learnedModel.dot,randomWp,20,500000,6,True,235,911,477,3693
./TLS/mbedtls/2.7.8/TLS12/learnedModel.dot,randomWp,72,500000,6,True,125,468,339,2401
./TLS/mbedtls/3.0.0p1/TLS12/learnedModel.dot,randomWp,99,500000,8,True,190,753,227,1455
./TLS/mbedtls/2.1.5/TLS12/learnedModel.dot,randomWp,81,500000,6,True,171,714,1598,12380
./TLS/mbedtls/1.3.3/TLS12/learnedModel.dot,randomWp,18,500000,6,True,219,899,1152,9221
./TLS/openssl/0.9.8a/TLS10/learnedModel.dot,randomWp,33,500000,14,True,239,1144,99064,964443
./TLS/openssl/1.0.2m/TLS12/learnedModel.dot,randomWp,27,500000,8,True,121,555,31875,281621
./TLS/openssl/1.0.2d/TLS12/learnedModel.dot,randomWp,39,500000,10,True,156,735,3817,34245
./TLS/openssl/1.1.0a/TLS12/learnedModel.dot,randomWp,39,500000,8,True,100,436,13303,117031
./TLS/openssl/1.0.1r/TLS12/learnedModel.dot,randomWp,33,500000,11,True,178,774,24441,222717
./TLS/openssl/1.1.1g/TLS12/learnedModel.dot,randomWp,24,500000,8,True,120,549,2446,21048
./TLS/openssl/0.9.8zh/TLS10/learnedModel.dot,randomWp,15,500000,11,True,207,851,15023,136345
./TLS/openssl/1.0.1/TLS12/learnedModel.dot,randomWp,8,500000,13,True,230,1104,6317,58776
./TLS/openssl/1.0.1/TLS10/learnedModel.dot,randomWp,11,500000,14,True,276,1367,28966,278480
./TLS/openssl/0.9.7d/TLS10/learnedModel.dot,randomWp,5,500000,14,True,345,1610,9494,90715
./TLS/openssl/1.0.0p/TLS10/learnedModel.dot,randomWp,5,500000,11,True,183,796,6393,58336
./TLS/openssl/0.9.8y/TLS10/learnedModel.dot,randomWp,13,500000,14,True,240,1140,9401,89426
./TLS/openssl/0.9.8l/TLS10/learnedModel.dot,randomWp,1,500000,10,True,137,589,579,5074
./TLS/openssl/1.0.0m/TLS10/learnedModel.dot,randomWp,5,500000,13,True,216,1058,4130,39985
./TLS/openssl/1.0.1d/TLS12/learnedModel.dot,randomWp,2,500000,13,True,208,897,1556,13235
./TLS/openssl/1.0.0g/TLS10/learnedModel.dot,randomWp,4,500000,11,True,148,637,534,4612
./TLS/mbedtls/1.2.7/TLS12/learnedModel.dot,randomWp,42,500000,6,True,211,842,1232,8892
./TLS/mbedtls/1.1.8/TLS11/learnedModel.dot,randomWp,20,500000,6,True,241,924,376,3054
./TLS/mbedtls/2.7.8/TLS12/learnedModel.dot,randomWp,72,500000,6,True,126,467,181,1300
./TLS/mbedtls/3.0.0p1/TLS12/learnedModel.dot,randomWp,99,500000,8,True,191,770,4335,36466
./TLS/mbedtls/2.1.5/TLS12/learnedModel.dot,randomWp,81,500000,6,True,211,832,1438,11237
./TLS/mbedtls/1.3.3/TLS12/learnedModel.dot,randomWp,18,500000,6,True,219,863,918,7376
./TLS/openssl/0.9.8a/TLS10/learnedModel.dot,randomWp,33,500000,11,False,187,867,503904,4898177
./TLS/openssl/1.0.2m/TLS12/learnedModel.dot,randomWp,27,500000,8,True,163,714,16504,144627
./TLS/openssl/1.0.2d/TLS12/learnedModel.dot,randomWp,39,500000,10,True,160,732,56416,515038
./TLS/openssl/1.1.0a/TLS12/learnedModel.dot,randomWp,39,500000,8,True,141,574,22031,194444
./TLS/openssl/1.0.1r/TLS12/learnedModel.dot,randomWp,33,500000,11,True,183,797,985,9180
./TLS/openssl/1.1.1g/TLS12/learnedModel.dot,randomWp,24,500000,8,True,100,440,7362,64970
./TLS/openssl/0.9.8zh/TLS10/learnedModel.dot,randomWp,15,500000,11,True,222,1004,673,6187
./TLS/openssl/1.0.1/TLS12/learnedModel.dot,randomWp,8,500000,13,True,273,1239,2476,22807
./TLS/openssl/1.0.1/TLS10/learnedModel.dot,randomWp,11,500000,14,True,291,1323,8552,80774
./TLS/openssl/0.9.7d/TLS10/learnedModel.dot,randomWp,5,500000,14,True,280,1364,142507,1385329
./TLS/openssl/1.0.0p/TLS10/learnedModel.dot,randomWp,5,500000,11,True,214,863,14181,129105
./TLS/openssl/0.9.8y/TLS10/learnedModel.dot,randomWp,13,500000,14,True,276,1269,3178,30212
./TLS/openssl/0.9.8l/TLS10/learnedModel.dot,randomWp,1,500000,10,True,201,833,29,169
./TLS/openssl/1.0.0m/TLS10/learnedModel.dot,randomWp,5,500000,13,True,257,1178,17731,171335
./TLS/openssl/1.0.1d/TLS12/learnedModel.dot,randomWp,2,500000,13,True,224,1009,10917,102410
./TLS/openssl/1.0.0g/TLS10/learnedModel.dot,randomWp,4,500000,11,True,171,813,3937,35748
./TLS/mbedtls/1.2.7/TLS12/learnedModel.dot,randomWp,42,500000,6,True,214,844,1160,8990
./TLS/mbedtls/1.1.8/TLS11/learnedModel.dot,randomWp,20,500000,6,True,234,911,421,3471
./TLS/mbedtls/2.7.8/TLS12/learnedModel.dot,randomWp,72,500000,6,True,126,471,200,1426
./TLS/mbedtls/3.0.0p1/TLS12/learnedModel.dot,randomWp,99,500000,8,True,195,784,2111,17789
./TLS/mbedtls/2.1.5/TLS12/learnedModel.dot,randomWp,81,500000,6,True,163,683,2551,19685
./TLS/mbedtls/1.3.3/TLS12/learnedModel.dot,randomWp,18,500000,6,True,207,837,1157,8722
./TLS/openssl/0.9.8a/TLS10/learnedModel.dot,randomWp,33,500000,14,True,212,1007,38002,366174
./TLS/openssl/1.0.2m/TLS12/learnedModel.dot,randomWp,27,500000,8,True,133,640,640,5538
./TLS/openssl/1.0.2d/TLS12/learnedModel.dot,randomWp,39,500000,10,True,199,882,5971,53430
./TLS/openssl/1.1.0a/TLS12/learnedModel.dot,randomWp,39,500000,8,True,101,443,14606,129814
./TLS/openssl/1.0.1r/TLS12/learnedModel.dot,randomWp,33,500000,11,True,193,842,5325,48808
./TLS/openssl/1.1.1g/TLS12/learnedModel.dot,randomWp,24,500000,8,True,98,418,23650,208115
./TLS/openssl/0.9.8zh/TLS10/learnedModel.dot,randomWp,15,500000,11,True,234,1047,3622,32400
./TLS/openssl/1.0.1/TLS12/learnedModel.dot,randomWp,8,500000,13,True,263,1255,10811,100868
./TLS/openssl/1.0.1/TLS10/learnedModel.dot,randomWp,11,500000,14,True,255,1213,1106,10035
./TLS/openssl/0.9.7d/TLS10/learnedModel.dot,randomWp,5,500000,14,True,279,1332,21825,212610
./TLS/openssl/1.0.0p/TLS10/learnedModel.dot,randomWp,5,500000,11,True,213,880,27184,247288
./TLS/openssl/0.9.8y/TLS10/learnedModel.dot,randomWp,13,500000,14,True,235,1190,4306,39609
./TLS/openssl/0.9.8l/TLS10/learnedModel.dot,randomWp,1,500000,10,True,128,532,215,1763
./TLS/openssl/1.0.0m/TLS10/learnedModel.dot,randomWp,5,500000,13,True,246,1147,20265,194776
./TLS/openssl/1.0.1d/TLS12/learnedModel.dot,randomWp,2,500000,13,True,236,1082,1567,13431
./TLS/openssl/1.0.0g/TLS10/learnedModel.dot,randomWp,4,500000,11,True,217,969,794,7125
./TLS/mbedtls/1.2.7/TLS12/learnedModel.dot,randomWp,42,500000,6,True,190,783,2420,18440
./TLS/mbedtls/1.1.8/TLS11/learnedModel.dot,randomWp,20,500000,6,True,245,941,209,1531
./TLS/mbedtls/2.7.8/TLS12/learnedModel.dot,randomWp,72,500000,6,True,130,478,181,1383
./TLS/mbedtls/3.0.0p1/TLS12/learnedModel.dot,randomWp,99,500000,8,True,177,688,634,4876
./TLS/mbedtls/2.1.5/TLS12/learnedModel.dot,randomWp,81,500000,6,True,216,869,1733,13650
./TLS/mbedtls/1.3.3/TLS12/learnedModel.dot,randomWp,18,500000,6,True,214,862,834,6388
./TLS/openssl/0.9.8a/TLS10/learnedModel.dot,randomWp,33,500000,14,True,233,1110,21232,204848
./TLS/openssl/1.0.2m/TLS12/learnedModel.dot,randomWp,27,500000,8,True,170,786,2089,18215
./TLS/openssl/1.0.2d/TLS12/learnedModel.dot,randomWp,39,500000,10,True,126,560,30733,280222
./TLS/openssl/1.1.0a/TLS12/learnedModel.dot,randomWp,39,500000,8,True,118,501,6381,55952
./TLS/openssl/1.0.1r/TLS12/learnedModel.dot,randomWp,33,500000,11,True,172,732,1193,9811
./TLS/openssl/1.1.1g/TLS12/learnedModel.dot,randomWp,24,500000,8,True,120,530,4008,34617
./TLS/openssl/0.9.8zh/TLS10/learnedModel.dot,randomWp,15,500000,11,True,199,816,2534,23155
./TLS/openssl/1.0.1/TLS12/learnedModel.dot,randomWp,8,500000,13,True,220,1034,4040,37000
./TLS/openssl/1.0.1/TLS10/learnedModel.dot,randomWp,11,500000,14,True,242,1136,4122,39932
./TLS/openssl/0.9.7d/TLS10/learnedModel.dot,randomWp,5,500000,11,False,218,978,501528,4882996
./TLS/openssl/1.0.0p/TLS10/learnedModel.dot,randomWp,5,500000,11,True,193,817,12662,114914
./TLS/openssl/0.9.8y/TLS10/learnedModel.dot,randomWp,13,500000,14,True,245,1154,5227,48729
./TLS/openssl/0.9.8l/TLS10/learnedModel.dot,randomWp,1,500000,10,True,129,527,489,4288
./TLS/openssl/1.0.0m/TLS10/learnedModel.dot,randomWp,5,500000,13,True,257,1167,6651,62839
./TLS/openssl/1.0.1d/TLS12/learnedModel.dot,randomWp,2,500000,13,True,234,1069,3390,31163
./TLS/openssl/1.0.0g/TLS10/learnedModel.dot,randomWp,4,500000,11,True,192,877,2345,21417
./TLS/mbedtls/1.2.7/TLS12/learnedModel.dot,randomWp,42,500000,6,True,200,811,1501,11755
./TLS/mbedtls/1.1.8/TLS11/learnedModel.dot,randomWp,20,500000,6,True,207,833,991,7505
./TLS/mbedtls/2.7.8/TLS12/learnedModel.dot,randomWp,72,500000,6,True,130,480,304,2235
./TLS/mbedtls/3.0.0p1/TLS12/learnedModel.dot,randomWp,99,500000,8,True,196,768,38,268
./TLS/mbedtls/2.1.5/TLS12/learnedModel.dot,randomWp,81,500000,6,True,217,854,625,4832
./TLS/mbedtls/1.3.3/TLS12/learnedModel.dot,randomWp,18,500000,6,True,209,815,2107,16918
./TLS/openssl/0.9.8a/TLS10/learnedModel.dot,randomWp,33,500000,11,False,157,745,501400,4881089
./TLS/openssl/1.0.2m/TLS12/learnedModel.dot,randomWp,27,500000,8,True,114,543,6823,59825
./TLS/openssl/1.0.2d/TLS12/learnedModel.dot,randomWp,39,500000,10,True,171,793,13211,120350
./TLS/openssl/1.1.0a/TLS12/learnedModel.dot,randomWp,39,500000,8,True,143,595,966,8369
./TLS/openssl/1.0.1r/TLS12/learnedModel.dot,randomWp,33,500000,11,True,216,885,8760,79376
./TLS/openssl/1.1.1g/TLS12/learnedModel.dot,randomWp,24,500000,8,True,102,453,4629,39914
./TLS/openssl/0.9.8zh/TLS10/learnedModel.dot,randomWp,15,500000,11,True,214,888,7689,69881
./TLS/openssl/1.0.1/TLS12/learnedModel.dot,randomWp,8,500000,13,True,325,1519,6322,60009
./TLS/openssl/1.0.1/TLS10/learnedModel.dot,randomWp,11,500000,14,True,244,1071,60729,589013
./TLS/openssl/0.9.7d/TLS10/learnedModel.dot,randomWp,5,500000,14,True,243,1241,108561,1053568
./TLS/openssl/1.0.0p/TLS10/learnedModel.dot,randomWp,5,500000,11,True,215,896,9545,85906
./TLS/openssl/0.9.8y/TLS10/learnedModel.dot,randomWp,13,500000,14,True,346,1669,3050,29156
./TLS/openssl/0.9.8l/TLS10/learnedModel.dot,randomWp,1,500000,10,True,147,615,57,417
./TLS/openssl/1.0.0m/TLS10/learnedModel.dot,randomWp,5,500000,13,True,229,1076,24073,234354
./TLS/openssl/1.0.1d/TLS12/learnedModel.dot,randomWp,2,500000,13,True,230,1052,17149,161660
./TLS/openssl/1.0.0g/TLS10/learnedModel.dot,randomWp,4,500000,11,True,168,813,247,1976
./TLS/mbedtls/1.2.7/TLS12/learnedModel.dot,randomWp,42,500000,6,True,234,906,410,3156
./TLS/mbedtls/1.1.8/TLS11/learnedModel.dot,randomWp,20,500000,6,True,209,823,1204,9618
./TLS/mbedtls/2.7.8/TLS12/learnedModel.dot,randomWp,72,500000,6,True,135,491,9,84
./TLS/mbedtls/3.0.0p1/TLS12/learnedModel.dot,randomWp,99,500000,8,True,194,763,36,275
./TLS/mbedtls/2.1.5/TLS12/learnedModel.dot,randomWp,81,500000,6,True,212,840,1074,8467
./TLS/mbedtls/1.3.3/TLS12/learnedModel.dot,randomWp,18,500000,6,True,188,761,3118,24625
./TLS/openssl/0.9.8a/TLS10/learnedModel.dot,randomWp,33,500000,14,True,208,1016,171857,1672675
./TLS/openssl/1.0.2m/TLS12/learnedModel.dot,randomWp,27,500000,8,True,131,626,6918,61265
./TLS/openssl/1.0.2d/TLS12/learnedModel.dot,randomWp,39,500000,10,True,148,700,11676,106944
./TLS/openssl/1.1.0a/TLS12/learnedModel.dot,randomWp,39,500000,8,True,116,539,694,5513
./TLS/openssl/1.0.1r/TLS12/learnedModel.dot,randomWp,33,500000,11,True,245,1104,473,4123
./TLS/openssl/1.1.1g/TLS12/learnedModel.dot,randomWp,24,500000,8,True,130,582,1548,13726
./TLS/openssl/0.9.8zh/TLS10/learnedModel.dot,randomWp,15,500000,11,True,226,1014,2654,25299
./TLS/openssl/1.0.1/TLS12/learnedModel.dot,randomWp,8,500000,13,True,256,1198,13487,128875
./TLS/openssl/1.0.1/TLS10/learnedModel.dot,randomWp,11,500000,14,True,257,1169,3200,29632
./TLS/openssl/0.9.7d/TLS10/learnedModel.dot,randomWp,5,500000,14,True,363,1756,176508,1717772
./TLS/openssl/1.0.0p/TLS10/learnedModel.dot,randomWp,5,500000,11,True,224,911,1593,14511
./TLS/openssl/0.9.8y/TLS10/learnedModel.dot,randomWp,13,500000,14,True,261,1165,21851,211353
./TLS/openssl/0.9.8l/TLS10/learnedModel.dot,randomWp,1,500000,10,True,146,606,699,5888
./TLS/openssl/1.0.0m/TLS10/learnedModel.dot,randomWp,5,500000,13,True,218,1030,21500,209407
./TLS/openssl/1.0.1d/TLS12/learnedModel.dot,randomWp,2,500000,13,True,260,1153,1940,17401
./TLS/openssl/1.0.0g/TLS10/learnedModel.dot,randomWp,4,500000,11,True,140,632,3379,30643
./TLS/mbedtls/1.2.7/TLS12/learnedModel.dot,randomWp,42,500000,6,True,232,907,551,4014
./TLS/mbedtls/1.1.8/TLS11/learnedModel.dot,randomWp,20,500000,6,True,204,823,1127,8688
./TLS/mbedtls/2.7.8/TLS12/learnedModel.dot,randomWp,72,500000,6,True,118,448,734,5363
./TLS/mbedtls/3.0.0p1/TLS12/learnedModel.dot,randomWp,99,500000,8,True,185,717,111,853
./TLS/mbedtls/2.1.5/TLS12/learnedModel.dot,randomWp,81,500000,6,True,238,908,512,4130
./TLS/mbedtls/1.3.3/TLS12/learnedModel.dot,randomWp,18,500000,6,True,212,828,2516,19991
./TLS/openssl/0.9.8a/TLS10/learnedModel.dot,randomWp,33,500000,14,True,224,1059,150342,1464525
./TLS/openssl/1.0.2m/TLS12/learnedModel.dot,randomWp,27,500000,8,True,132,619,19161,168502
./TLS/openssl/1.0.2d/TLS12/learnedModel.dot,randomWp,39,500000,10,True,205,917,3318,29474
./TLS/openssl/1.1.0a/TLS12/learnedModel.dot,randomWp,39,500000,8,True,124,540,22135,195792
./TLS/openssl/1.0.1r/TLS12/learnedModel.dot,randomWp,33,500000,11,True,193,913,4147,37488
./TLS/openssl/1.1.1g/TLS12/learnedModel.dot,randomWp,24,500000,8,True,125,542,22617,199069
./TLS/openssl/0.9.8zh/TLS10/learnedModel.dot,randomWp,15,500000,11,True,212,968,733,6875
./TLS/openssl/1.0.1/TLS12/learnedModel.dot,randomWp,8,500000,13,True,213,1014,8560,82039
./TLS/openssl/1.0.1/TLS10/learnedModel.dot,randomWp,11,500000,14,True,239,1133,2465,23366
./TLS/openssl/0.9.7d/TLS10/learnedModel.dot,randomWp,5,500000,11,False,289,1305,500614,4866184
./TLS/openssl/1.0.0p/TLS10/learnedModel.dot,randomWp,5,500000,11,True,196,846,7703,69764
./TLS/openssl/0.9.8y/TLS10/learnedModel.dot,randomWp,13,500000,14,True,342,1639,4246,40192
./TLS/openssl/0.9.8l/TLS10/learnedModel.dot,randomWp,1,500000,10,True,191,797,155,1227
./TLS/openssl/1.0.0m/TLS10/learnedModel.dot,randomWp,5,500000,13,True,199,898,13752,131968
./TLS/openssl/1.0.1d/TLS12/learnedModel.dot,randomWp,2,500000,13,True,298,1313,56131,527018
./TLS/openssl/1.0.0g/TLS10/learnedModel.dot,randomWp,4,500000,11,True,157,746,1122,9978
./TLS/mbedtls/1.2.7/TLS12/learnedModel.dot,randomWp,42,500000,6,True,224,890,694,5203
./TLS/mbedtls/1.1.8/TLS11/learnedModel.dot,randomWp,20,500000,6,True,234,910,318,2372
./TLS/mbedtls/2.7.8/TLS12/learnedModel.dot,randomWp,72,500000,6,True,124,464,480,3672
./TLS/mbedtls/3.0.0p1/TLS12/learnedModel.dot,randomWp,99,500000,8,True,193,760,62,370
./TLS/mbedtls/2.1.5/TLS12/learnedModel.dot,randomWp,81,500000,6,True,202,797,1780,14029
./TLS/mbedtls/1.3.3/TLS12/learnedModel.dot,randomWp,18,500000,6,True,184,750,1906,15045
./TLS/openssl/0.9.8a/TLS10/learnedModel.dot,randomWp,33,500000,14,True,254,1190,386196,3757661
./TLS/openssl/1.0.2m/TLS12/learnedModel.dot,randomWp,27,500000,8,True,136,660,884,7473
./TLS/openssl/1.0.2d/TLS12/learnedModel.dot,randomWp,39,500000,10,True,193,863,3785,34095
./TLS/openssl/1.1.0a/TLS12/learnedModel.dot,randomWp,39,500000,8,True,146,622,3330,28519
./TLS/openssl/1.0.1r/TLS12/learnedModel.dot,randomWp,33,500000,11,True,197,932,8221,74869
./TLS/openssl/1.1.1g/TLS12/learnedModel.dot,randomWp,24,500000,8,True,134,532,10108,89825
./TLS/openssl/0.9.8zh/TLS10/learnedModel.dot,randomWp,15,500000,11,True,223,909,1044,9601
./TLS/openssl/1.0.1/TLS12/learnedModel.dot,randomWp,8,500000,13,True,207,982,7400,71136
./TLS/openssl/1.0.1/TLS10/learnedModel.dot,randomWp,11,500000,14,True,284,1305,9918,93838
./TLS/openssl/0.9.7d/TLS10/learnedModel.dot,randomWp,5,500000,14,True,274,1270,143931,1400556
./TLS/openssl/1.0.0p/TLS10/learnedModel.dot,randomWp,5,500000,11,True,198,881,1228,11907
./TLS/openssl/0.9.8y/TLS10/learnedModel.dot,randomWp,13,500000,14,True,261,1160,25341,244371
./TLS/openssl/0.9.8l/TLS10/learnedModel.dot,randomWp,1,500000,10,True,139,574,730,6686
./TLS/openssl/1.0.0m/TLS10/learnedModel.dot,randomWp,5,500000,13,True,230,1071,9261,89124
./TLS/openssl/1.0.1d/TLS12/learnedModel.dot,randomWp,2,500000,13,True,246,1049,26658,248482
./TLS/openssl/1.0.0g/TLS10/learnedModel.dot,randomWp,4,500000,11,True,194,888,4071,37447
./TLS/mbedtls/1.2.7/TLS12/learnedModel.dot,randomWp,42,500000,6,True,202,813,1724,13442
./TLS/mbedtls/1.1.8/TLS11/learnedModel.dot,randomWp,20,500000,6,True,216,850,1425,11248
./TLS/mbedtls/2.7.8/TLS12/learnedModel.dot,randomWp,72,500000,6,True,135,491,8,70
./TLS/mbedtls/3.0.0p1/TLS12/learnedModel.dot,randomWp,99,500000,8,True,194,762,60,407
./TLS/mbedtls/2.1.5/TLS12/learnedModel.dot,randomWp,81,500000,6,True,232,883,753,5901
./TLS/mbedtls/1.3.3/TLS12/learnedModel.dot,randomWp,18,500000,6,True,208,832,1535,11721
./TLS/openssl/0.9.8a/TLS10/learnedModel.dot,randomWp,33,500000,14,True,250,1124,87776,855492
./TLS/openssl/1.0.2m/TLS12/learnedModel.dot,randomWp,27,500000,8,True,122,558,40249,357308
./TLS/openssl/1.0.2d/TLS12/learnedModel.dot,randomWp,39,500000,10,True,138,648,19257,174567
./TLS/openssl/1.1.0a/TLS12/learnedModel.dot,randomWp,39,500000,8,True,120,521,3066,26297
./TLS/openssl/1.0.1r/TLS12/learnedModel.dot,randomWp,33,500000,11,True,185,860,4427,39061
./TLS/openssl/1.1.1g/TLS12/learnedModel.dot,randomWp,24,500000,8,True,105,448,16759,149070
./TLS/openssl/0.9.8zh/TLS10/learnedModel.dot,randomWp,15,500000,11,True,224,918,1389,11957
./TLS/openssl/1.0.1/TLS12/learnedModel.dot,randomWp,8,500000,13,True,226,1061,4994,45885
./TLS/openssl/1.0.1/TLS10/learnedModel.dot,randomWp,11,500000,14,True,333,1591,3578,32930
./TLS/openssl/0.9.7d/TLS10/learnedModel.dot,randomWp,5,500000,14,True,262,1289,80282,780228
./TLS/openssl/1.0.0p/TLS10/learnedModel.dot,randomWp,5,500000,11,True,153,669,18863,171936
./TLS/openssl/0.9.8y/TLS10/learnedModel.dot,randomWp,13,500000,14,True,244,1167,2631,24134
./TLS/openssl/0.9.8l/TLS10/learnedModel.dot,randomWp,1,500000,10,True,130,537,67,560
./TLS/openssl/1.0.0m/TLS10/learnedModel.dot,randomWp,5,500000,13,True,237,1115,4214,39845
./TLS/openssl/1.0.1d/TLS12/learnedModel.dot,randomWp,2,500000,13,True,238,1096,1418,13004
./TLS/openssl/1.0.0g/TLS10/learnedModel.dot,randomWp,4,500000,11,True,149,666,2708,24964
./TLS/mbedtls/1.2.7/TLS12/learnedModel.dot,randomWp,42,500000,6,True,214,847,1030,7991
./TLS/mbedtls/1.1.8/TLS11/learnedModel.dot,randomWp,20,500000,6,True,217,876,923,6899
./TLS/mbedtls/2.7.8/TLS12/learnedModel.dot,randomWp,72,500000,6,True,137,496,19,140
./TLS/mbedtls/3.0.0p1/TLS12/learnedModel.dot,randomWp,99,500000,8,True,178,692,740,6221
./TLS/mbedtls/2.1.5/TLS12/learnedModel.dot,randomWp,81,500000,6,True,204,803,2337,18644
./TLS/mbedtls/1.3.3/TLS12/learnedModel.dot,randomWp,18,500000,6,True,210,821,1776,14112
./TLS/openssl/0.9.8a/TLS10/learnedModel.dot,randomWp,33,500000,14,True,231,1090,452804,4408010
./TLS/openssl/1.0.2m/TLS12/learnedModel.dot,randomWp,27,500000,8,True,131,634,538,4769
./TLS/openssl/1.0.2d/TLS12/learnedModel.dot,randomWp,39,500000,10,True,135,623,26057,234382
./TLS/openssl/1.1.0a/TLS12/learnedModel.dot,randomWp,39,500000,8,True,136,545,16117,142267
./TLS/openssl/1.0.1r/TLS12/learnedModel.dot,randomWp,33,500000,11,True,166,764,10556,95920
./TLS/openssl/1.1.1g/TLS12/learnedModel.dot,randomWp,24,500000,8,True,111,463,19316,171220
./TLS/openssl/0.9.8zh/TLS10/learnedModel.dot,randomWp,15,500000,11,True,164,739,7552,66976
./TLS/openssl/1.0.1/TLS12/learnedModel.dot,randomWp,8,500000,13,True,211,975,7178,68043
./TLS/openssl/1.0.1/TLS10/learnedModel.dot,randomWp,11,500000,14,True,309,1430,42799,414833
./TLS/openssl/0.9.7d/TLS10/learnedModel.dot,randomWp,5,500000,14,True,271,1275,217044,2123616
./TLS/openssl/1.0.0p/TLS10/learnedModel.dot,randomWp,5,500000,11,True,224,931,1060,9393
./TLS/openssl/0.9.8y/TLS10/learnedModel.dot,randomWp,13,500000,14,True,234,1118,30707,297156
./TLS/openssl/0.9.8l/TLS10/learnedModel.dot,randomWp,1,500000,10,True,131,542,428,3662
./TLS/openssl/1.0.0m/TLS10/learnedModel.dot,randomWp,5,500000,13,True,247,1131,4112,38645
./TLS/openssl/1.0.1d/TLS12/learnedModel.dot,randomWp,2,500000,13,True,205,923,90721,848420
./TLS/openssl/1.0.0g/TLS10/learnedModel.dot,randomWp,4,500000,11,True,221,1017,16,101
./TLS/mbedtls/1.2.7/TLS12/learnedModel.dot,randomWp,42,500000,6,True,239,921,441,3483
./TLS/mbedtls/1.1.8/TLS11/learnedModel.dot,randomWp,20,500000,6,True,218,873,864,6238
./TLS/mbedtls/2.7.8/TLS12/learnedModel.dot,randomWp,72,500000,6,True,128,473,209,1497
./TLS/mbedtls/3.0.0p1/TLS12/learnedModel.dot,randomWp,99,500000,8,True,198,775,39,293
./TLS/mbedtls/2.1.5/TLS12/learnedModel.dot,randomWp,81,500000,6,True,217,862,925,7132
./TLS/mbedtls/1.3.3/TLS12/learnedModel.dot,randomWp,18,500000,6,True,177,741,1396,10728
./TLS/openssl/0.9.8a/TLS10/learnedModel.dot,randomWp,33,500000,14,True,202,984,194122,1887219
./TLS/openssl/1.0.2m/TLS12/learnedModel.dot,randomWp,27,500000,8,True,135,638,15077,133050
./TLS/openssl/1.0.2d/TLS12/learnedModel.dot,randomWp,39,500000,10,True,144,687,5631,51621
./TLS/openssl/1.1.0a/TLS12/learnedModel.dot,randomWp,39,500000,8,True,103,435,47255,418849
./TLS/openssl/1.0.1r/TLS12/learnedModel.dot,randomWp,33,500000,11,True,174,723,417,3500
./TLS/openssl/1.1.1g/TLS12/learnedModel.dot,randomWp,24,500000,8,True,100,435,10170,89201
./TLS/openssl/0.9.8zh/TLS10/learnedModel.dot,randomWp,15,500000,11,True,212,930,7028,64341
./TLS/openssl/1.0.1/TLS12/learnedModel.dot,randomWp,8,500000,13,True,205,967,11849,111610
./TLS/openssl/1.0.1/TLS10/learnedModel.dot,randomWp,11,500000,14,True,280,1239,16008,152887
./TLS/openssl/0.9.7d/TLS10/learnedModel.dot,randomWp,5,500000,14,True,341,1559,392151,3819387
./TLS/openssl/1.0.0p/TLS10/learnedModel.dot,randomWp,5,500000,11,True,224,922,4558,40744
./TLS/openssl/0.9.8y/TLS10/learnedModel.dot,randomWp,13,500000,14,True,257,1230,35150,339549
./TLS/openssl/0.9.8l/TLS10/learnedModel.dot,randomWp,1,500000,10,True,182,714,918,7745
./TLS/openssl/1.0.0m/TLS10/learnedModel.dot,randomWp,5,500000,13,True,192,905,22671,218479
./TLS/openssl/1.0.1d/TLS12/learnedModel.dot,randomWp,2,500000,13,True,166,744,2128,18626
./TLS/openssl/1.0.0g/TLS10/learnedModel.dot,randomWp,4,500000,11,True,212,944,1571,13545
./TLS/mbedtls/1.2.7/TLS12/learnedModel.dot,randomWp,42,500000,6,True,203,811,1269,9634
./TLS/mbedtls/1.1.8/TLS11/learnedModel.dot,randomWp,20,500000,6,True,217,841,1313,10019
./TLS/mbedtls/2.7.8/TLS12/learnedModel.dot,randomWp,72,500000,6,True,132,484,53,401
./TLS/mbedtls/3.0.0p1/TLS12/learnedModel.dot,randomWp,99,500000,8,True,186,742,809,6244
./TLS/mbedtls/2.1.5/TLS12/learnedModel.dot,randomWp,81,500000,6,True,221,864,679,5057
./TLS/mbedtls/1.3.3/TLS12/learnedModel.dot,randomWp,18,500000,6,True,207,834,1294,10102
./TLS/openssl/0.9.8a/TLS10/learnedModel.dot,randomWp,33,500000,14,True,198,954,68508,665686
./TLS/openssl/1.0.2m/TLS12/learnedModel.dot,randomWp,27,500000,8,True,137,659,6606,57670
./TLS/openssl/1.0.2d/TLS12/learnedModel.dot,randomWp,39,500000,10,True,153,713,8170,75003
./TLS/openssl/1.1.0a/TLS12/learnedModel.dot,randomWp,39,500000,8,True,100,435,8928,79230
./TLS/openssl/1.0.1r/TLS12/learnedModel.dot,randomWp,33,500000,11,True,162,667,2607,22035
./TLS/openssl/1.1.1g/TLS12/learnedModel.dot,randomWp,24,500000,8,True,121,556,973,8310
./TLS/openssl/0.9.8zh/TLS10/learnedModel.dot,randomWp,15,500000,11,True,187,816,7103,63856
./TLS/openssl/1.0.1/TLS12/learnedModel.dot,randomWp,8,500000,13,True,251,1105,15809,152008
./TLS/openssl/1.0.1/TLS10/learnedModel.dot,randomWp,11,500000,14,True,253,1178,2111,19954
./TLS/openssl/0.9.7d/TLS10/learnedModel.dot,randomWp,5,500000,14,True,325,1475,3083,29286
./TLS/openssl/1.0.0p/TLS10/learnedModel.dot,randomWp,5,500000,11,True,200,857,9988,91165
./TLS/openssl/0.9.8y/TLS10/learnedModel.dot,randomWp,13,500000,14,True,305,1385,2535,23839
./TLS/openssl/0.9.8l/TLS10/learnedModel.dot,randomWp,1,500000,10,True,146,598,1354,11708
./TLS/openssl/1.0.0m/TLS10/learnedModel.dot,randomWp,5,500000,13,True,252,1167,23661,228873
./TLS/openssl/1.0.1d/TLS12/learnedModel.dot,randomWp,2,500000,13,True,277,1213,2816,24929
./TLS/openssl/1.0.0g/TLS10/learnedModel.dot,randomWp,4,500000,11,True,202,988,212,1607
./TLS/mbedtls/1.2.7/TLS12/learnedModel.dot,randomWp,42,500000,6,True,200,803,1401,10677
./TLS/mbedtls/1.1.8/TLS11/learnedModel.dot,randomWp,20,500000,6,True,200,810,1601,12302
./TLS/mbedtls/2.7.8/TLS12/learnedModel.dot,randomWp,72,500000,6,True,136,493,17,111
./TLS/mbedtls/3.0.0p1/TLS12/learnedModel.dot,randomWp,99,500000,8,True,197,771,25,240
./TLS/mbedtls/2.1.5/TLS12/learnedModel.dot,randomWp,81,500000,6,True,199,788,1821,13866
./TLS/mbedtls/1.3.3/TLS12/learnedModel.dot,randomWp,18,500000,6,True,226,899,679,5163
./TLS/openssl/0.9.8a/TLS10/learnedModel.dot,randomWp,33,500000,14,True,185,863,301936,2942864
./TLS/openssl/1.0.2m/TLS12/learnedModel.dot,randomWp,27,500000,8,True,166,743,5304,46583
./TLS/openssl/1.0.2d/TLS12/learnedModel.dot,randomWp,39,500000,10,True,201,884,11930,107588
./TLS/openssl/1.1.0a/TLS12/learnedModel.dot,randomWp,39,500000,8,True,112,511,4137,36333
./TLS/openssl/1.0.1r/TLS12/learnedModel.dot,randomWp,33,500000,11,True,188,820,2034,18215
./TLS/openssl/1.1.1g/TLS12/learnedModel.dot,randomWp,24,500000,8,True,125,551,12333,108012
./TLS/openssl/0.9.8zh/TLS10/learnedModel.dot,randomWp,15,500000,11,True,184,851,8113,73229
./TLS/openssl/1.0.1/TLS12/learnedModel.dot,randomWp,8,500000,13,True,226,1083,1498,13260
./TLS/openssl/1.0.1/TLS10/learnedModel.dot,randomWp,11,500000,14,True,234,1113,7587,72754
./TLS/openssl/0.9.7d/TLS10/learnedModel.dot,randomWp,5,500000,14,True,248,1213,202658,1974260
./TLS/openssl/1.0.0p/TLS10/learnedModel.dot,randomWp,5,500000,11,True,226,930,3075,26542
./TLS/openssl/0.9.8y/TLS10/learnedModel.dot,randomWp,13,500000,14,True,246,1089,22801,218290
./TLS/openssl/0.9.8l/TLS10/learnedModel.dot,randomWp,1,500000,10,True,188,745,2768,23848
./TLS/openssl/1.0.0m/TLS10/learnedModel.dot,randomWp,5,500000,13,True,239,1098,9606,92981
./TLS/openssl/1.0.1d/TLS12/learnedModel.dot,randomWp,2,500000,13,True,274,1229,17845,167344
./TLS/openssl/1.0.0g/TLS10/learnedModel.dot,randomWp,4,500000,11,True,225,1045,716,6451
