method,oracle_type1,oracle_type2,fingerprint_type,total_separating_queries,total_separating_symbols,total_conformance_queries,total_conformance_symbols,total_learning_queries,total_learning_symbols,false_positives,false_negatives,learned_models,len(specifications),start_specs
AL#,WpK,WpK,None,0,0,0,0,225465,1251326,0,0,40,8,None
IF-AL#,WpK,WpK,sep_seq,106,122,179639,999233,44943,249916,0,0,40,8,None
IF-AL#,WpK,WpK,adg,80,96,179640,999230,44947,249924,0,0,40,8,None
IF-L#,WpK,WpK,sep_seq,106,122,179639,999233,44885,249706,0,0,40,8,None
IF-L#,WpK,WpK,adg,80,96,179640,999230,44915,249764,0,0,40,8,None
L#,WpK,WpK,None,0,0,0,0,225436,1251427,0,0,40,8,None
AL#,RandomWp100,RandomWp100,None,0,0,0,0,23732,130000,0,0,40,8,None
IF-AL#,RandomWp100,RandomWp100,sep_seq,106,122,15712,93307,4728,26130,0,0,40,8,None
IF-AL#,RandomWp100,RandomWp100,adg,80,96,15797,93395,4759,26189,0,0,40,8,None
IF-L#,RandomWp100,RandomWp100,sep_seq,106,122,15821,93726,4839,26910,0,0,40,8,None
IF-L#,RandomWp100,RandomWp100,adg,80,96,15973,94595,4711,26093,0,0,40,8,None
L#,RandomWp100,RandomWp100,None,0,0,0,0,23788,131157,1,0,39,8,None
AL#,RandomWord1000,RandomWord1000,None,0,0,0,0,45418,818101,0,0,40,8,None
IF-AL#,RandomWord1000,RandomWord1000,sep_seq,106,122,32008,639712,9145,163559,0,0,40,8,None
IF-AL#,RandomWord1000,RandomWord1000,adg,80,96,32007,640418,9130,164337,0,0,40,8,None
IF-L#,RandomWord1000,RandomWord1000,sep_seq,106,122,32006,639015,9065,163446,0,0,40,8,None
IF-L#,RandomWord1000,RandomWord1000,adg,80,96,32004,641427,9093,164403,0,0,40,8,None
L#,RandomWord1000,RandomWord1000,None,0,0,0,0,45505,821492,0,0,40,8,None
AL#,WpK,WpK,None,0,0,0,0,225465,1251326,0,0,40,8,None
IF-AL#,WpK,WpK,sep_seq,106,122,179639,999233,44943,249916,0,0,40,8,None
IF-AL#,WpK,WpK,adg,80,96,179640,999230,44947,249924,0,0,40,8,None
IF-L#,WpK,WpK,sep_seq,106,122,179639,999233,44885,249706,0,0,40,8,None
IF-L#,WpK,WpK,adg,80,96,179640,999230,44915,249764,0,0,40,8,None
L#,WpK,WpK,None,0,0,0,0,225436,1251427,0,0,40,8,None
AL#,RandomWp100,RandomWp100,None,0,0,0,0,23761,130609,0,0,40,8,None
IF-AL#,RandomWp100,RandomWp100,sep_seq,106,122,15728,93141,4852,26700,0,0,40,8,None
IF-AL#,RandomWp100,RandomWp100,adg,80,96,15874,93815,4711,26117,0,0,40,8,None
IF-L#,RandomWp100,RandomWp100,sep_seq,106,122,15803,93662,4763,26460,0,0,40,8,None
IF-L#,RandomWp100,RandomWp100,adg,80,96,15660,92838,4750,26113,0,0,40,8,None
L#,RandomWp100,RandomWp100,None,0,0,0,0,24026,132291,0,0,40,8,None
AL#,RandomWord1000,RandomWord1000,None,0,0,0,0,45415,820837,0,0,40,8,None
IF-AL#,RandomWord1000,RandomWord1000,sep_seq,106,122,32006,640577,9130,164246,0,0,40,8,None
IF-AL#,RandomWord1000,RandomWord1000,adg,80,96,32004,639988,9137,164983,0,0,40,8,None
IF-L#,RandomWord1000,RandomWord1000,sep_seq,106,122,32012,640381,9071,164638,0,0,40,8,None
IF-L#,RandomWord1000,RandomWord1000,adg,80,96,32009,640832,9064,163361,0,0,40,8,None
L#,RandomWord1000,RandomWord1000,None,0,0,0,0,45511,820483,0,0,40,8,None
AL#,WpK,WpK,None,0,0,0,0,225477,1251365,0,0,40,8,None
IF-AL#,WpK,WpK,sep_seq,106,122,179639,999233,44939,249892,0,0,40,8,None
IF-AL#,WpK,WpK,adg,80,96,179640,999230,44943,249900,0,0,40,8,None
IF-L#,WpK,WpK,sep_seq,106,122,179639,999233,44877,249662,0,0,40,8,None
IF-L#,WpK,WpK,adg,80,96,179640,999230,44915,249764,0,0,40,8,None
L#,WpK,WpK,None,0,0,0,0,225445,1251456,0,0,40,8,None
AL#,RandomWp100,RandomWp100,None,0,0,0,0,23738,130313,0,0,40,8,None
IF-AL#,RandomWp100,RandomWp100,sep_seq,106,122,15693,93325,4796,26460,0,0,40,8,None
IF-AL#,RandomWp100,RandomWp100,adg,80,96,15686,92861,4783,26260,0,0,40,8,None
IF-L#,RandomWp100,RandomWp100,sep_seq,106,122,15900,94188,4669,25901,0,0,40,8,None
IF-L#,RandomWp100,RandomWp100,adg,80,96,15759,93400,4713,26303,0,0,40,8,None
L#,RandomWp100,RandomWp100,None,0,0,0,0,23974,132239,0,0,40,8,None
AL#,RandomWord1000,RandomWord1000,None,0,0,0,0,45413,815721,0,0,40,8,None
IF-AL#,RandomWord1000,RandomWord1000,sep_seq,106,122,32006,643517,9124,164040,0,0,40,8,None
IF-AL#,RandomWord1000,RandomWord1000,adg,80,96,32004,640425,9133,164637,0,0,40,8,None
IF-L#,RandomWord1000,RandomWord1000,sep_seq,106,122,32007,641931,9080,163939,0,0,40,8,None
IF-L#,RandomWord1000,RandomWord1000,adg,80,96,32010,640165,9104,163704,0,0,40,8,None
L#,RandomWord1000,RandomWord1000,None,0,0,0,0,45472,820843,0,0,40,8,None
AL#,WpK,WpK,None,0,0,0,0,225461,1251302,0,0,40,8,None
IF-AL#,WpK,WpK,sep_seq,106,122,179639,999233,44943,249916,0,0,40,8,None
IF-AL#,WpK,WpK,adg,80,96,179640,999230,44943,249900,0,0,40,8,None
IF-L#,WpK,WpK,sep_seq,106,122,179639,999233,44885,249706,0,0,40,8,None
IF-L#,WpK,WpK,adg,80,96,179640,999230,44907,249720,0,0,40,8,None
L#,WpK,WpK,None,0,0,0,0,225429,1251376,0,0,40,8,None
AL#,RandomWp100,RandomWp100,None,0,0,0,0,23741,130552,0,0,40,8,None
IF-AL#,RandomWp100,RandomWp100,sep_seq,106,122,15792,93439,4734,25930,0,0,40,8,None
IF-AL#,RandomWp100,RandomWp100,adg,80,96,15915,94536,4738,26327,0,0,40,8,None
IF-L#,RandomWp100,RandomWp100,sep_seq,106,122,15692,93022,4728,26226,0,0,40,8,None
IF-L#,RandomWp100,RandomWp100,adg,80,96,15738,93722,4802,26508,0,0,40,8,None
L#,RandomWp100,RandomWp100,None,0,0,0,0,23755,130929,0,0,40,8,None
AL#,RandomWord1000,RandomWord1000,None,0,0,0,0,45375,818459,0,0,40,8,None
IF-AL#,RandomWord1000,RandomWord1000,sep_seq,106,122,32006,641206,9124,163976,0,0,40,8,None
IF-AL#,RandomWord1000,RandomWord1000,adg,80,96,32004,640628,9123,164529,0,0,40,8,None
IF-L#,RandomWord1000,RandomWord1000,sep_seq,106,122,32008,639638,9079,164065,0,0,40,8,None
IF-L#,RandomWord1000,RandomWord1000,adg,80,96,32006,639709,9075,164419,0,0,40,8,None
L#,RandomWord1000,RandomWord1000,None,0,0,0,0,45502,820778,0,0,40,8,None
AL#,WpK,WpK,None,0,0,0,0,225454,1251290,0,0,40,8,None
IF-AL#,WpK,WpK,sep_seq,106,122,179639,999233,44943,249916,0,0,40,8,None
IF-AL#,WpK,WpK,adg,80,96,179640,999230,44943,249900,0,0,40,8,None
IF-L#,WpK,WpK,sep_seq,106,122,179639,999233,44885,249706,0,0,40,8,None
IF-L#,WpK,WpK,adg,80,96,179640,999230,44915,249764,0,0,40,8,None
L#,WpK,WpK,None,0,0,0,0,225425,1251361,0,0,40,8,None
AL#,RandomWp100,RandomWp100,None,0,0,0,0,23815,130429,0,0,40,8,None
IF-AL#,RandomWp100,RandomWp100,sep_seq,106,122,15690,93033,4885,26882,0,0,40,8,None
IF-AL#,RandomWp100,RandomWp100,adg,80,96,15861,94047,4728,26130,0,0,40,8,None
IF-L#,RandomWp100,RandomWp100,sep_seq,106,122,15701,93224,4735,26156,0,0,40,8,None
IF-L#,RandomWp100,RandomWp100,adg,80,96,15761,93564,4697,26096,0,0,40,8,None
L#,RandomWp100,RandomWp100,None,0,0,0,0,23963,132077,0,0,40,8,None
AL#,RandomWord1000,RandomWord1000,None,0,0,0,0,45393,817747,0,0,40,8,None
IF-AL#,RandomWord1000,RandomWord1000,sep_seq,106,122,32007,639582,9123,164367,0,0,40,8,None
IF-AL#,RandomWord1000,RandomWord1000,adg,80,96,32004,639999,9122,164321,0,0,40,8,None
IF-L#,RandomWord1000,RandomWord1000,sep_seq,106,122,32006,639773,9086,162634,0,0,40,8,None
IF-L#,RandomWord1000,RandomWord1000,adg,80,96,32004,639329,9107,164748,0,0,40,8,None
L#,RandomWord1000,RandomWord1000,None,0,0,0,0,45522,821392,0,0,40,8,None
AL#,WpK,WpK,None,0,0,0,0,225454,1251290,0,0,40,8,None
IF-AL#,WpK,WpK,sep_seq,106,122,179639,999233,44939,249896,0,0,40,8,None
IF-AL#,WpK,WpK,adg,80,96,179640,999230,44943,249900,0,0,40,8,None
IF-L#,WpK,WpK,sep_seq,106,122,179639,999233,44885,249706,0,0,40,8,None
IF-L#,WpK,WpK,adg,80,96,179640,999230,44915,249764,0,0,40,8,None
L#,WpK,WpK,None,0,0,0,0,225423,1251357,0,0,40,8,None
AL#,RandomWp100,RandomWp100,None,0,0,0,0,23814,130737,0,0,40,8,None
IF-AL#,RandomWp100,RandomWp100,sep_seq,106,122,15691,93113,4815,26519,0,0,40,8,None
IF-AL#,RandomWp100,RandomWp100,adg,80,96,15656,92945,4731,25883,0,0,40,8,None
IF-L#,RandomWp100,RandomWp100,sep_seq,106,122,15687,92886,4707,25936,0,0,40,8,None
IF-L#,RandomWp100,RandomWp100,adg,80,96,15622,92643,4743,26406,0,0,40,8,None
L#,RandomWp100,RandomWp100,None,0,0,0,0,23840,131455,0,0,40,8,None
AL#,RandomWord1000,RandomWord1000,None,0,0,0,0,45363,819761,0,0,40,8,None
IF-AL#,RandomWord1000,RandomWord1000,sep_seq,106,122,32007,639517,9124,164476,0,0,40,8,None
IF-AL#,RandomWord1000,RandomWord1000,adg,80,96,32010,640268,9126,163572,0,0,40,8,None
IF-L#,RandomWord1000,RandomWord1000,sep_seq,106,122,32006,640155,9109,165094,0,0,40,8,None
IF-L#,RandomWord1000,RandomWord1000,adg,80,96,32004,640136,9090,163261,0,0,40,8,None
L#,RandomWord1000,RandomWord1000,None,0,0,0,0,45486,820786,0,0,40,8,None
AL#,WpK,WpK,None,0,0,0,0,225450,1251266,0,0,40,8,None
IF-AL#,WpK,WpK,sep_seq,106,122,179639,999233,44943,249916,0,0,40,8,None
IF-AL#,WpK,WpK,adg,80,96,179640,999230,44943,249904,0,0,40,8,None
IF-L#,WpK,WpK,sep_seq,106,122,179639,999233,44885,249706,0,0,40,8,None
IF-L#,WpK,WpK,adg,80,96,179640,999230,44911,249740,0,0,40,8,None
L#,WpK,WpK,None,0,0,0,0,225426,1251383,0,0,40,8,None
AL#,RandomWp100,RandomWp100,None,0,0,0,0,23764,130344,0,0,40,8,None
IF-AL#,RandomWp100,RandomWp100,sep_seq,106,122,15888,94258,4814,26471,0,0,40,8,None
IF-AL#,RandomWp100,RandomWp100,adg,80,96,15754,93408,4801,26444,0,0,40,8,None
IF-L#,RandomWp100,RandomWp100,sep_seq,106,122,15816,93814,4643,25734,0,0,40,8,None
IF-L#,RandomWp100,RandomWp100,adg,80,96,15682,93029,4707,26233,0,0,40,8,None
L#,RandomWp100,RandomWp100,None,0,0,0,0,24027,132666,0,1,39,9,None
AL#,RandomWord1000,RandomWord1000,None,0,0,0,0,45460,815998,0,0,40,8,None
IF-AL#,RandomWord1000,RandomWord1000,sep_seq,106,122,32010,641875,9118,164237,0,0,40,8,None
IF-AL#,RandomWord1000,RandomWord1000,adg,80,96,32007,640482,9129,164050,0,0,40,8,None
IF-L#,RandomWord1000,RandomWord1000,sep_seq,106,122,32006,639187,9092,163887,0,0,40,8,None
IF-L#,RandomWord1000,RandomWord1000,adg,80,96,32011,638949,9091,163808,0,0,40,8,None
L#,RandomWord1000,RandomWord1000,None,0,0,0,0,45516,820632,0,0,40,8,None
AL#,WpK,WpK,None,0,0,0,0,225461,1251306,0,0,40,8,None
IF-AL#,WpK,WpK,sep_seq,106,122,179639,999233,44932,249854,0,0,40,8,None
IF-AL#,WpK,WpK,adg,80,96,179640,999230,44947,249924,0,0,40,8,None
IF-L#,WpK,WpK,sep_seq,106,122,179639,999233,44877,249662,0,0,40,8,None
IF-L#,WpK,WpK,adg,80,96,179640,999230,44910,249729,0,0,40,8,None
L#,WpK,WpK,None,0,0,0,0,225433,1251385,0,0,40,8,None
AL#,RandomWp100,RandomWp100,None,0,0,0,0,23750,130511,0,0,40,8,None
IF-AL#,RandomWp100,RandomWp100,sep_seq,106,122,15789,93615,4735,26109,0,0,40,8,None
IF-AL#,RandomWp100,RandomWp100,adg,80,96,15716,92897,4771,26152,0,0,40,8,None
IF-L#,RandomWp100,RandomWp100,sep_seq,106,122,15882,94233,4737,26475,0,0,40,8,None
IF-L#,RandomWp100,RandomWp100,adg,80,96,15726,93229,4736,26303,0,0,40,8,None
L#,RandomWp100,RandomWp100,None,0,0,0,0,23830,131462,0,0,40,8,None
AL#,RandomWord1000,RandomWord1000,None,0,0,0,0,45447,817736,0,0,40,8,None
IF-AL#,RandomWord1000,RandomWord1000,sep_seq,106,122,32012,639296,9127,165161,0,0,40,8,None
IF-AL#,RandomWord1000,RandomWord1000,adg,80,96,32008,639240,9121,164216,0,0,40,8,None
IF-L#,RandomWord1000,RandomWord1000,sep_seq,106,122,32007,640384,9114,164212,0,0,40,8,None
IF-L#,RandomWord1000,RandomWord1000,adg,80,96,32014,639717,9046,164341,0,0,40,8,None
L#,RandomWord1000,RandomWord1000,None,0,0,0,0,45507,820642,0,0,40,8,None
AL#,WpK,WpK,None,0,0,0,0,225458,1251285,0,0,40,8,None
IF-AL#,WpK,WpK,sep_seq,106,122,179639,999233,44935,249872,0,0,40,8,None
IF-AL#,WpK,WpK,adg,80,96,179640,999230,44943,249900,0,0,40,8,None
IF-L#,WpK,WpK,sep_seq,106,122,179639,999233,44881,249682,0,0,40,8,None
IF-L#,WpK,WpK,adg,80,96,179640,999230,44915,249764,0,0,40,8,None
L#,WpK,WpK,None,0,0,0,0,225447,1251481,0,0,40,8,None
AL#,RandomWp100,RandomWp100,None,0,0,0,0,23776,130386,0,0,40,8,None
IF-AL#,RandomWp100,RandomWp100,sep_seq,106,122,15940,94672,4644,25619,0,0,40,8,None
IF-AL#,RandomWp100,RandomWp100,adg,80,96,15834,93874,4758,26168,0,0,40,8,None
IF-L#,RandomWp100,RandomWp100,sep_seq,106,122,15734,93566,4792,26373,0,0,40,8,None
IF-L#,RandomWp100,RandomWp100,adg,80,96,15786,93741,4786,26519,0,0,40,8,None
L#,RandomWp100,RandomWp100,None,0,0,0,0,24021,132189,0,0,40,8,None
AL#,RandomWord1000,RandomWord1000,None,0,0,0,0,45384,818988,0,0,40,8,None
IF-AL#,RandomWord1000,RandomWord1000,sep_seq,106,122,32012,639173,9116,162893,0,0,40,8,None
IF-AL#,RandomWord1000,RandomWord1000,adg,80,96,32005,639783,9165,164475,0,0,40,8,None
IF-L#,RandomWord1000,RandomWord1000,sep_seq,106,122,32007,641121,9063,164512,0,0,40,8,None
IF-L#,RandomWord1000,RandomWord1000,adg,80,96,32005,641366,9065,163672,0,0,40,8,None
L#,RandomWord1000,RandomWord1000,None,0,0,0,0,45517,820486,0,0,40,8,None
AL#,WpK,WpK,None,0,0,0,0,225454,1251290,0,0,40,8,None
IF-AL#,WpK,WpK,sep_seq,106,122,179639,999233,44939,249896,0,0,40,8,None
IF-AL#,WpK,WpK,adg,80,96,179640,999230,44943,249900,0,0,40,8,None
IF-L#,WpK,WpK,sep_seq,106,122,179639,999233,44877,249662,0,0,40,8,None
IF-L#,WpK,WpK,adg,80,96,179640,999230,44907,249711,0,0,40,8,None
L#,WpK,WpK,None,0,0,0,0,225446,1251465,0,0,40,8,None
AL#,RandomWp100,RandomWp100,None,0,0,0,0,23775,130627,0,0,40,8,None
IF-AL#,RandomWp100,RandomWp100,sep_seq,106,122,15842,94071,4781,26408,0,0,40,8,None
IF-AL#,RandomWp100,RandomWp100,adg,80,96,15676,92785,4813,26341,0,0,40,8,None
IF-L#,RandomWp100,RandomWp100,sep_seq,106,122,15837,93647,4773,26599,0,0,40,8,None
IF-L#,RandomWp100,RandomWp100,adg,80,96,15691,93033,4674,25808,0,0,40,8,None
L#,RandomWp100,RandomWp100,None,0,0,0,0,23838,131790,0,0,40,8,None
AL#,RandomWord1000,RandomWord1000,None,0,0,0,0,45349,819785,0,0,40,8,None
IF-AL#,RandomWord1000,RandomWord1000,sep_seq,106,122,32007,639586,9116,163321,0,0,40,8,None
IF-AL#,RandomWord1000,RandomWord1000,adg,80,96,32005,641500,9136,165257,0,0,40,8,None
IF-L#,RandomWord1000,RandomWord1000,sep_seq,106,122,32006,640035,9027,164432,0,0,40,8,None
IF-L#,RandomWord1000,RandomWord1000,adg,80,96,32005,639681,9088,164775,0,0,40,8,None
L#,RandomWord1000,RandomWord1000,None,0,0,0,0,45461,820917,0,0,40,8,None
AL#,WpK,WpK,None,0,0,0,0,225446,1251246,0,0,40,8,None
IF-AL#,WpK,WpK,sep_seq,106,122,179639,999233,44943,249916,0,0,40,8,None
IF-AL#,WpK,WpK,adg,80,96,179640,999230,44939,249880,0,0,40,8,None
IF-L#,WpK,WpK,sep_seq,106,122,179639,999233,44877,249662,0,0,40,8,None
IF-L#,WpK,WpK,adg,80,96,179640,999230,44911,249740,0,0,40,8,None
L#,WpK,WpK,None,0,0,0,0,225436,1251426,0,0,40,8,None
AL#,RandomWp100,RandomWp100,None,0,0,0,0,23740,130246,0,0,40,8,None
IF-AL#,RandomWp100,RandomWp100,sep_seq,106,122,15789,93369,4684,25810,0,0,40,8,None
IF-AL#,RandomWp100,RandomWp100,adg,80,96,15797,93582,4713,26098,0,0,40,8,None
IF-L#,RandomWp100,RandomWp100,sep_seq,106,122,15713,93277,4720,26042,0,0,40,8,None
IF-L#,RandomWp100,RandomWp100,adg,80,96,15782,93287,4779,26742,0,0,40,8,None
L#,RandomWp100,RandomWp100,None,0,0,0,0,23816,130907,0,0,40,8,None
AL#,RandomWord1000,RandomWord1000,None,0,0,0,0,45427,819693,0,0,40,8,None
IF-AL#,RandomWord1000,RandomWord1000,sep_seq,106,122,32009,640512,9131,163640,0,0,40,8,None
IF-AL#,RandomWord1000,RandomWord1000,adg,80,96,32007,639291,9124,163995,0,0,40,8,None
IF-L#,RandomWord1000,RandomWord1000,sep_seq,106,122,32010,639342,9075,163759,0,0,40,8,None
IF-L#,RandomWord1000,RandomWord1000,adg,80,96,32008,639252,9075,163341,0,0,40,8,None
L#,RandomWord1000,RandomWord1000,None,0,0,0,0,45502,820116,0,0,40,8,None
AL#,WpK,WpK,None,0,0,0,0,225450,1251266,0,0,40,8,None
IF-AL#,WpK,WpK,sep_seq,106,122,179639,999233,44939,249892,0,0,40,8,None
IF-AL#,WpK,WpK,adg,80,96,179640,999230,44943,249900,0,0,40,8,None
IF-L#,WpK,WpK,sep_seq,106,122,179639,999233,44881,249686,0,0,40,8,None
IF-L#,WpK,WpK,adg,80,96,179640,999230,44911,249740,0,0,40,8,None
L#,WpK,WpK,None,0,0,0,0,225440,1251443,0,0,40,8,None
AL#,RandomWp100,RandomWp100,None,0,0,0,0,23824,130625,0,0,40,8,None
IF-AL#,RandomWp100,RandomWp100,sep_seq,106,122,15753,93470,4771,26235,0,0,40,8,None
IF-AL#,RandomWp100,RandomWp100,adg,80,96,15689,93006,4802,26523,0,0,40,8,None
IF-L#,RandomWp100,RandomWp100,sep_seq,106,122,15662,92823,4696,26078,0,0,40,8,None
IF-L#,RandomWp100,RandomWp100,adg,80,96,15840,93975,4648,25773,0,0,40,8,None
L#,RandomWp100,RandomWp100,None,0,0,0,0,23848,131410,0,0,40,8,None
AL#,RandomWord1000,RandomWord1000,None,0,0,0,0,45483,820889,0,0,40,8,None
IF-AL#,RandomWord1000,RandomWord1000,sep_seq,106,122,32006,640635,9120,164834,0,0,40,8,None
IF-AL#,RandomWord1000,RandomWord1000,adg,80,96,32007,640470,9128,163464,0,0,40,8,None
IF-L#,RandomWord1000,RandomWord1000,sep_seq,106,122,32007,640386,9058,164571,0,0,40,8,None
IF-L#,RandomWord1000,RandomWord1000,adg,80,96,32004,638648,9046,164478,0,0,40,8,None
L#,RandomWord1000,RandomWord1000,None,0,0,0,0,45512,822831,0,0,40,8,None
AL#,WpK,WpK,None,0,0,0,0,225454,1251290,0,0,40,8,None
IF-AL#,WpK,WpK,sep_seq,106,122,179639,999233,44935,249872,0,0,40,8,None
IF-AL#,WpK,WpK,adg,80,96,179640,999230,44943,249900,0,0,40,8,None
IF-L#,WpK,WpK,sep_seq,106,122,179639,999233,44885,249706,0,0,40,8,None
IF-L#,WpK,WpK,adg,80,96,179640,999230,44907,249720,0,0,40,8,None
L#,WpK,WpK,None,0,0,0,0,225439,1251445,0,0,40,8,None
AL#,RandomWp100,RandomWp100,None,0,0,0,0,23587,129191,0,0,40,8,None
IF-AL#,RandomWp100,RandomWp100,sep_seq,106,122,15816,93342,4840,26695,0,0,40,8,None
IF-AL#,RandomWp100,RandomWp100,adg,80,96,15761,93526,5042,27927,0,0,40,8,None
IF-L#,RandomWp100,RandomWp100,sep_seq,106,122,15749,93131,4637,25806,0,0,40,8,None
IF-L#,RandomWp100,RandomWp100,adg,80,96,15817,93897,4703,26118,0,0,40,8,None
L#,RandomWp100,RandomWp100,None,0,0,0,0,23960,132057,0,0,40,8,None
AL#,RandomWord1000,RandomWord1000,None,0,0,0,0,45407,818150,0,0,40,8,None
IF-AL#,RandomWord1000,RandomWord1000,sep_seq,106,122,32007,642226,9132,164424,0,0,40,8,None
IF-AL#,RandomWord1000,RandomWord1000,adg,80,96,32005,640381,9156,164176,0,0,40,8,None
IF-L#,RandomWord1000,RandomWord1000,sep_seq,106,122,32008,638870,9116,164279,0,0,40,8,None
IF-L#,RandomWord1000,RandomWord1000,adg,80,96,32005,639232,9092,165179,0,0,40,8,None
L#,RandomWord1000,RandomWord1000,None,0,0,0,0,45526,822308,0,0,40,8,None
AL#,WpK,WpK,None,0,0,0,0,225446,1251246,0,0,40,8,None
IF-AL#,WpK,WpK,sep_seq,106,122,179639,999233,44935,249872,0,0,40,8,None
IF-AL#,WpK,WpK,adg,80,96,179640,999230,44947,249924,0,0,40,8,None
IF-L#,WpK,WpK,sep_seq,106,122,179639,999233,44877,249662,0,0,40,8,None
IF-L#,WpK,WpK,adg,80,96,179640,999230,44915,249764,0,0,40,8,None
L#,WpK,WpK,None,0,0,0,0,225456,1251488,0,0,40,8,None
AL#,RandomWp100,RandomWp100,None,0,0,0,0,23742,130299,0,0,40,8,None
IF-AL#,RandomWp100,RandomWp100,sep_seq,106,122,15824,93652,4826,26676,0,0,40,8,None
IF-AL#,RandomWp100,RandomWp100,adg,80,96,15790,93729,4824,26568,0,0,40,8,None
IF-L#,RandomWp100,RandomWp100,sep_seq,106,122,15797,93639,4789,26470,0,0,40,8,None
IF-L#,RandomWp100,RandomWp100,adg,80,96,15783,93562,4707,26199,0,0,40,8,None
L#,RandomWp100,RandomWp100,None,0,0,0,0,23915,131509,0,0,40,8,None
AL#,RandomWord1000,RandomWord1000,None,0,0,0,0,45424,818452,0,0,40,8,None
IF-AL#,RandomWord1000,RandomWord1000,sep_seq,106,122,32006,640862,9118,163270,0,0,40,8,None
IF-AL#,RandomWord1000,RandomWord1000,adg,80,96,32004,640542,9148,164674,0,0,40,8,None
IF-L#,RandomWord1000,RandomWord1000,sep_seq,106,122,32007,637629,9055,163646,0,0,40,8,None
IF-L#,RandomWord1000,RandomWord1000,adg,80,96,32004,639647,9085,163651,0,0,40,8,None
L#,RandomWord1000,RandomWord1000,None,0,0,0,0,45561,822272,0,0,40,8,None
AL#,WpK,WpK,None,0,0,0,0,225463,1251311,0,0,40,8,None
IF-AL#,WpK,WpK,sep_seq,106,122,179639,999233,44935,249872,0,0,40,8,None
IF-AL#,WpK,WpK,adg,80,96,179640,999230,44939,249880,0,0,40,8,None
IF-L#,WpK,WpK,sep_seq,106,122,179639,999233,44881,249682,0,0,40,8,None
IF-L#,WpK,WpK,adg,80,96,179640,999230,44915,249764,0,0,40,8,None
L#,WpK,WpK,None,0,0,0,0,225426,1251378,0,0,40,8,None
AL#,RandomWp100,RandomWp100,None,0,0,0,0,23654,130065,0,0,40,8,None
IF-AL#,RandomWp100,RandomWp100,sep_seq,106,122,15813,93710,4782,26327,0,0,40,8,None
IF-AL#,RandomWp100,RandomWp100,adg,80,96,15685,92925,4740,25999,0,0,40,8,None
IF-L#,RandomWp100,RandomWp100,sep_seq,106,122,15798,93583,4729,26332,0,0,40,8,None
IF-L#,RandomWp100,RandomWp100,adg,80,96,15846,93699,4694,26026,0,0,40,8,None
L#,RandomWp100,RandomWp100,None,0,0,0,0,23928,132250,0,0,40,8,None
AL#,RandomWord1000,RandomWord1000,None,0,0,0,0,45403,818377,0,0,40,8,None
IF-AL#,RandomWord1000,RandomWord1000,sep_seq,106,122,32006,639259,9121,163964,0,0,40,8,None
IF-AL#,RandomWord1000,RandomWord1000,adg,80,96,32004,639793,9130,165409,0,0,40,8,None
IF-L#,RandomWord1000,RandomWord1000,sep_seq,106,122,32012,638638,9049,164454,0,0,40,8,None
IF-L#,RandomWord1000,RandomWord1000,adg,80,96,32007,641257,9078,163946,0,0,40,8,None
L#,RandomWord1000,RandomWord1000,None,0,0,0,0,45515,821188,0,0,40,8,None
AL#,WpK,WpK,None,0,0,0,0,225472,1251338,0,0,40,8,None
IF-AL#,WpK,WpK,sep_seq,106,122,179639,999233,44935,249872,0,0,40,8,None
IF-AL#,WpK,WpK,adg,80,96,179640,999230,44939,249880,0,0,40,8,None
IF-L#,WpK,WpK,sep_seq,106,122,179639,999233,44885,249706,0,0,40,8,None
IF-L#,WpK,WpK,adg,80,96,179640,999230,44915,249764,0,0,40,8,None
L#,WpK,WpK,None,0,0,0,0,225434,1251402,0,0,40,8,None
AL#,RandomWp100,RandomWp100,None,0,0,0,0,23753,130260,0,0,40,8,None
IF-AL#,RandomWp100,RandomWp100,sep_seq,106,122,15719,93122,4880,26756,0,0,40,8,None
IF-AL#,RandomWp100,RandomWp100,adg,80,96,15736,93324,4835,26645,0,0,40,8,None
IF-L#,RandomWp100,RandomWp100,sep_seq,106,122,15776,93425,4690,26277,0,0,40,8,None
IF-L#,RandomWp100,RandomWp100,adg,80,96,15880,94110,4723,26255,0,0,40,8,None
L#,RandomWp100,RandomWp100,None,0,0,0,0,23785,131048,0,0,40,8,None
AL#,RandomWord1000,RandomWord1000,None,0,0,0,0,45402,816642,0,0,40,8,None
IF-AL#,RandomWord1000,RandomWord1000,sep_seq,106,122,32014,640973,9137,165025,0,0,40,8,None
IF-AL#,RandomWord1000,RandomWord1000,adg,80,96,32004,641273,9146,164469,0,0,40,8,None
IF-L#,RandomWord1000,RandomWord1000,sep_seq,106,122,32006,640850,9092,165086,0,0,40,8,None
IF-L#,RandomWord1000,RandomWord1000,adg,80,96,32006,640001,9066,163567,0,0,40,8,None
L#,RandomWord1000,RandomWord1000,None,0,0,0,0,45487,820312,0,0,40,8,None
AL#,WpK,WpK,None,0,0,0,0,225450,1251266,0,0,40,8,None
IF-AL#,WpK,WpK,sep_seq,106,122,179639,999233,44935,249872,0,0,40,8,None
IF-AL#,WpK,WpK,adg,80,96,179640,999230,44947,249924,0,0,40,8,None
IF-L#,WpK,WpK,sep_seq,106,122,179639,999233,44881,249682,0,0,40,8,None
IF-L#,WpK,WpK,adg,80,96,179640,999230,44907,249720,0,0,40,8,None
L#,WpK,WpK,None,0,0,0,0,225442,1251453,0,0,40,8,None
AL#,RandomWp100,RandomWp100,None,0,0,0,0,23730,130359,0,0,40,8,None
IF-AL#,RandomWp100,RandomWp100,sep_seq,106,122,15606,92317,4798,26364,0,0,40,8,None
IF-AL#,RandomWp100,RandomWp100,adg,80,96,15852,93704,4736,26368,0,0,40,8,None
IF-L#,RandomWp100,RandomWp100,sep_seq,106,122,15766,93354,4638,25785,0,0,40,8,None
IF-L#,RandomWp100,RandomWp100,adg,80,96,15813,94063,4683,26225,0,0,40,8,None
L#,RandomWp100,RandomWp100,None,0,0,0,0,23944,131850,0,0,40,8,None
AL#,RandomWord1000,RandomWord1000,None,0,0,0,0,45374,818049,0,0,40,8,None
IF-AL#,RandomWord1000,RandomWord1000,sep_seq,106,122,32008,640509,9110,165284,0,0,40,8,None
IF-AL#,RandomWord1000,RandomWord1000,adg,80,96,32005,637632,9133,164238,0,0,40,8,None
IF-L#,RandomWord1000,RandomWord1000,sep_seq,106,122,32007,638771,9085,164723,0,0,40,8,None
IF-L#,RandomWord1000,RandomWord1000,adg,80,96,32007,639761,9087,164066,0,0,40,8,None
L#,RandomWord1000,RandomWord1000,None,0,0,0,0,45538,824467,0,0,40,8,None
AL#,WpK,WpK,None,0,0,0,0,225450,1251266,0,0,40,8,None
IF-AL#,WpK,WpK,sep_seq,106,122,179639,999233,44939,249892,0,0,40,8,None
IF-AL#,WpK,WpK,adg,80,96,179640,999230,44947,249924,0,0,40,8,None
IF-L#,WpK,WpK,sep_seq,106,122,179639,999233,44881,249682,0,0,40,8,None
IF-L#,WpK,WpK,adg,80,96,179640,999230,44915,249764,0,0,40,8,None
L#,WpK,WpK,None,0,0,0,0,225431,1251397,0,0,40,8,None
AL#,RandomWp100,RandomWp100,None,0,0,0,0,23564,129274,0,0,40,8,None
IF-AL#,RandomWp100,RandomWp100,sep_seq,106,122,15863,94030,4784,26484,0,0,40,8,None
IF-AL#,RandomWp100,RandomWp100,adg,80,96,15751,93240,4885,26997,0,0,40,8,None
IF-L#,RandomWp100,RandomWp100,sep_seq,106,122,15757,93473,4726,26122,0,0,40,8,None
IF-L#,RandomWp100,RandomWp100,adg,80,96,15772,93575,4798,26628,0,0,40,8,None
L#,RandomWp100,RandomWp100,None,0,0,0,0,23965,132148,0,0,40,8,None
AL#,RandomWord1000,RandomWord1000,None,0,0,0,0,45486,820380,0,0,40,8,None
IF-AL#,RandomWord1000,RandomWord1000,sep_seq,106,122,32006,639849,9120,163540,0,0,40,8,None
IF-AL#,RandomWord1000,RandomWord1000,adg,80,96,32004,640880,9158,163813,0,0,40,8,None
IF-L#,RandomWord1000,RandomWord1000,sep_seq,106,122,32009,639964,9085,163674,0,0,40,8,None
IF-L#,RandomWord1000,RandomWord1000,adg,80,96,32004,640298,9066,164092,0,0,40,8,None
L#,RandomWord1000,RandomWord1000,None,0,0,0,0,45494,820326,0,0,40,8,None
AL#,WpK,WpK,None,0,0,0,0,225461,1251302,0,0,40,8,None
IF-AL#,WpK,WpK,sep_seq,106,122,179639,999233,44943,249916,0,0,40,8,None
IF-AL#,WpK,WpK,adg,80,96,179640,999230,44939,249880,0,0,40,8,None
IF-L#,WpK,WpK,sep_seq,106,122,179639,999233,44881,249682,0,0,40,8,None
IF-L#,WpK,WpK,adg,80,96,179640,999230,44915,249764,0,0,40,8,None
L#,WpK,WpK,None,0,0,0,0,225436,1251426,0,0,40,8,None
AL#,RandomWp100,RandomWp100,None,0,0,0,0,23762,130394,0,0,40,8,None
IF-AL#,RandomWp100,RandomWp100,sep_seq,106,122,15903,94017,4749,26229,0,0,40,8,None
IF-AL#,RandomWp100,RandomWp100,adg,80,96,15879,94147,4738,26178,0,0,40,8,None
IF-L#,RandomWp100,RandomWp100,sep_seq,106,122,15764,93615,4702,26380,0,0,40,8,None
IF-L#,RandomWp100,RandomWp100,adg,80,96,15800,93570,4707,26031,0,0,40,8,None
L#,RandomWp100,RandomWp100,None,0,0,0,0,23975,132176,0,0,40,8,None
AL#,RandomWord1000,RandomWord1000,None,0,0,0,0,45386,816455,0,0,40,8,None
IF-AL#,RandomWord1000,RandomWord1000,sep_seq,106,122,32006,639821,9138,164219,0,0,40,8,None
IF-AL#,RandomWord1000,RandomWord1000,adg,80,96,32007,639306,9138,164366,0,0,40,8,None
IF-L#,RandomWord1000,RandomWord1000,sep_seq,106,122,32007,642655,9098,164238,0,0,40,8,None
IF-L#,RandomWord1000,RandomWord1000,adg,80,96,32004,639961,9100,164282,0,0,40,8,None
L#,RandomWord1000,RandomWord1000,None,0,0,0,0,45530,818295,0,0,40,8,None
AL#,WpK,WpK,None,0,0,0,0,225457,1251282,0,0,40,8,None
IF-AL#,WpK,WpK,sep_seq,106,122,179639,999233,44943,249916,0,0,40,8,None
IF-AL#,WpK,WpK,adg,80,96,179640,999230,44939,249880,0,0,40,8,None
IF-L#,WpK,WpK,sep_seq,106,122,179639,999233,44880,249671,0,0,40,8,None
IF-L#,WpK,WpK,adg,80,96,179640,999230,44911,249740,0,0,40,8,None
L#,WpK,WpK,None,0,0,0,0,225449,1251476,0,0,40,8,None
AL#,RandomWp100,RandomWp100,None,0,0,0,0,23921,131529,0,0,40,8,None
IF-AL#,RandomWp100,RandomWp100,sep_seq,106,122,15725,93260,4782,26330,0,0,40,8,None
IF-AL#,RandomWp100,RandomWp100,adg,80,96,15977,94847,4706,26147,0,0,40,8,None
IF-L#,RandomWp100,RandomWp100,sep_seq,106,122,15736,93367,4783,26574,0,0,40,8,None
IF-L#,RandomWp100,RandomWp100,adg,80,96,15708,93028,4760,26505,0,0,40,8,None
L#,RandomWp100,RandomWp100,None,0,0,0,0,23841,131237,0,0,40,8,None
AL#,RandomWord1000,RandomWord1000,None,0,0,0,0,45417,817339,0,0,40,8,None
IF-AL#,RandomWord1000,RandomWord1000,sep_seq,106,122,32006,639840,9112,163550,0,0,40,8,None
IF-AL#,RandomWord1000,RandomWord1000,adg,80,96,32005,640511,9140,164606,0,0,40,8,None
IF-L#,RandomWord1000,RandomWord1000,sep_seq,106,122,32008,638794,9085,163909,0,0,40,8,None
IF-L#,RandomWord1000,RandomWord1000,adg,80,96,32014,640680,9084,164517,0,0,40,8,None
L#,RandomWord1000,RandomWord1000,None,0,0,0,0,45470,819988,0,0,40,8,None

